student_id,first_name,last_name,dob,email,phone,address,program_id,enrollment_date
1,Samantha,Carter,2003-08-12,raymondsantiago@yahoo.com,677.453.1740,East Kyle,5,2023-09-01
2,Jacqueline,Lee,2001-01-16,thomas79@yahoo.com,8019058432,Franklinview,2,2023-09-01
3,Bridget,Hamilton,2000-05-04,stephenssamuel@weber.info,447-179-0225x277,South Michael,5,2023-09-01
4,Michael,Thompson,2005-08-18,angela45@hotmail.com,(322)152-3362x8381,Lake Robertshire,4,2023-09-01
5,Heather,Reyes,2002-01-03,diazamanda@morgan.com,+1-814-951-9270,Smithstad,4,2023-09-01
6,Robert,Davis,2002-01-25,belllynn@yahoo.com,(240)867-8808x145,West Bradley,4,2023-09-01
7,Jeffrey,Jackson,2006-03-05,tstevens@taylor-haley.org,570.827.1915x903,North Michelle,5,2023-09-01
8,Michelle,Potter,1999-01-12,jonathan35@hotmail.com,6077384408,New Jeremiahhaven,3,2023-09-01
9,Carrie,Zimmerman,2006-10-12,nboyer@gmail.com,001-082-689-6409x6013,Coxstad,4,2023-09-01
10,Jesse,Torres,2006-07-14,kevinhill@gmail.com,(332)469-0886x2735,Sarahfort,4,2023-09-01
11,Joseph,James,2006-11-28,stokeswilliam@jackson.net,521.905.2412x153,New Angela,5,2023-09-01
12,Susan,Little,2006-06-17,christina05@ellis-robinson.info,+1-204-560-3426,Danielbury,1,2023-09-01
13,Anna,Flores,2000-07-29,samantha76@yahoo.com,3674018957,Lake Bryan,3,2023-09-01
14,Samuel,Brewer,2002-09-17,murphymichael@lopez.com,0844076012,Lake David,3,2023-09-01
15,Jeanne,Davis,2001-11-20,bcurtis@oconnor.org,(150)055-7851x36920,South Daniel,4,2023-09-01
16,Glenn,Bailey,2000-11-28,glen05@hernandez.info,+1-404-668-0869x5450,Port Kimberly,5,2023-09-01
17,Erik,Hall,2004-03-11,brian98@gmail.com,2763736188,Katherineview,3,2023-09-01
18,George,Choi,2002-12-14,nlutz@young-keith.org,725-862-2075x4575,Lake James,2,2023-09-01
19,Christopher,Rhodes,1999-09-12,tannerrichards@scott.com,954-058-8878,South Christinamouth,5,2023-09-01
20,Katrina,Wheeler,2000-10-04,allendebra@keller-fisher.com,(178)109-7856,Lake Jerry,3,2023-09-01
21,Javier,Rodriguez,2003-08-14,steven52@orozco.com,409-106-3951x613,Donaldborough,3,2023-09-01
22,Kenneth,Weeks,2002-05-14,juareztodd@gmail.com,138-562-3204,Anthonyberg,5,2023-09-01
23,Amber,Long,2002-08-06,benjaminmurphy@miller.com,0904603737,Andersonberg,4,2023-09-01
24,Daniel,Wilson,2002-05-02,romerosteven@hotmail.com,+1-987-439-4150x727,Atkinsside,4,2023-09-01
25,Amanda,Wheeler,2001-10-26,christophermoran@gmail.com,001-199-043-8288x692,Jessicaview,4,2023-09-01
26,Darlene,Reynolds,2005-01-24,jessica23@allen-yoder.net,251.523.7366,Calvinhaven,2,2023-09-01
27,Ronald,Webb,2000-06-26,gatesmeghan@peck.com,001-702-468-6021,Port Ericbury,5,2023-09-01
28,Stephanie,Woodward,2006-07-31,nicoleballard@lin.net,655.513.2166x88261,Benjaminbury,1,2023-09-01
29,Deanna,Fleming,2003-05-12,zacharyroberts@rich.com,681.264.6332x27661,New Ashley,3,2023-09-01
30,Nancy,Decker,2005-08-31,christopher06@russell-kaufman.com,001-268-324-3281,Cruzland,3,2023-09-01
31,Tricia,Cohen,2006-06-02,peter52@powell.info,369-502-1472x5106,Danielshaven,4,2023-09-01
32,Rodney,Martinez,2006-11-10,leah23@thompson.org,(020)177-5777x04144,Waltonshire,4,2023-09-01
33,Shane,Simmons,2000-03-15,yvonne90@yahoo.com,(650)646-8248x95735,East Cristian,2,2023-09-01
34,Gabriela,Cunningham,2002-01-18,alexanderstephanie@tucker.com,186.032.5801,Sierrahaven,1,2023-09-01
35,Jacob,Miller,2005-11-25,herbertdelacruz@long.info,670-170-0771x57154,Melissaside,5,2023-09-01
36,Richard,Burns,2002-05-25,natalie11@hotmail.com,409.061.5953x88402,New Morgan,1,2023-09-01
37,Rodney,Melton,2000-07-13,lisaharrison@gregory.com,6775342574,Melindahaven,3,2023-09-01
38,Kimberly,Martinez,2005-06-30,bryan58@yahoo.com,210.323.6918,Angelaport,5,2023-09-01
39,Sarah,Evans,2001-06-05,olsonrobert@yahoo.com,001-503-480-8694,Traceyfurt,5,2023-09-01
40,Elizabeth,Haynes,2003-06-24,zclark@yahoo.com,(281)399-6551,Lake John,1,2023-09-01
41,James,Pace,1999-06-14,watsonamanda@butler.biz,808-581-3346x66802,Clarkville,1,2023-09-01
42,Mary,Reynolds,2001-07-05,john86@gamble.org,(548)231-4732x82961,Elizabethberg,3,2023-09-01
43,Kevin,Gentry,2003-02-09,oferguson@yahoo.com,620.108.6664x3866,Conniefort,4,2023-09-01
44,Jackie,Moss,2004-12-03,ericksondouglas@gmail.com,(395)854-8041,New Kevin,4,2023-09-01
45,Lori,Chavez,1999-10-09,andersontraci@brown.org,+1-162-030-0594x4894,Masonborough,5,2023-09-01
46,Brooke,Smith,2005-01-05,riddlefrances@ortiz-costa.com,+1-588-575-1358,Michaelbury,5,2023-09-01
47,Cody,Weber,2000-11-10,kelly04@duffy.com,+1-680-924-8570x231,North Joseph,1,2023-09-01
48,Austin,Ellison,2001-01-11,qcollins@allen-cruz.com,304-285-2904x09906,East Dianafort,5,2023-09-01
49,Lauren,Simpson,2006-07-03,colleencross@yahoo.com,862.153.7019x2062,North Sean,2,2023-09-01
50,Dennis,Ritter,2005-12-10,bryan85@yahoo.com,(775)487-9637x57653,Hernandeztown,3,2023-09-01
51,Katherine,Zuniga,2000-01-17,alexisduncan@gmail.com,2719441228,Candicefurt,4,2023-09-01
52,Brenda,Marshall,2000-12-03,richardsantiago@miller-gonzalez.com,137.447.5311,Larsonborough,3,2023-09-01
53,Renee,Lewis,1999-01-02,jeremynorman@hotmail.com,(572)085-0695x8324,Frederickland,2,2023-09-01
54,Justin,Martinez,2001-06-25,margaretyoung@smith.com,(067)423-0163x87410,Tiffanyview,4,2023-09-01
55,Phyllis,Carter,2004-03-01,uherrera@yahoo.com,238.061.6177x153,East Nicholasberg,3,2023-09-01
56,Bobby,Alexander,2004-06-14,lstephens@yahoo.com,(504)657-0824,Robertfurt,2,2023-09-01
57,Chad,Thompson,1999-08-30,mgarcia@yahoo.com,001-669-629-8015x8662,Summerstown,4,2023-09-01
58,Luke,Carter,2002-08-15,william75@powers-fox.com,001-274-112-4381,Ericland,1,2023-09-01
59,Maria,Owen,2001-02-16,daniel26@fisher.net,4024667148,Brandihaven,4,2023-09-01
60,Aaron,Carter,2001-10-09,pstewart@hawkins.org,001-734-659-0091x264,Mcdonaldhaven,5,2023-09-01
61,Erin,Daniel,2005-05-16,pcooper@yahoo.com,+1-593-296-2623,New Lisaberg,2,2023-09-01
62,Steven,Sanchez,2004-01-03,patrickchristopher@yahoo.com,(575)668-2037,Garnerville,5,2023-09-01
63,Zachary,Moran,2003-07-26,jasminebrown@rodgers-gordon.com,9469409438,South Dustin,1,2023-09-01
64,Jessica,Melton,2003-10-13,gloriabennett@gmail.com,275-340-9649x648,North Michelleton,2,2023-09-01
65,Amy,Brown,1999-09-21,travis59@ray.biz,001-019-441-4226x5054,Houseside,3,2023-09-01
66,Jessica,Martin,2005-11-14,rwhite@burgess-olson.com,510.735.0348,Lisashire,1,2023-09-01
67,Stephanie,Gray,2002-07-09,fgutierrez@gmail.com,207-035-8252x1066,Meganview,1,2023-09-01
68,John,Parker,2005-11-26,william48@hoover-harvey.info,(918)934-3342,New Karenshire,2,2023-09-01
69,Jose,Dixon,2006-11-20,jamesrhonda@hotmail.com,(812)328-3847x7076,Lake Kimberly,3,2023-09-01
70,Desiree,Jensen,2004-02-07,anthonylarson@cervantes-bautista.com,767-819-3340x3423,Gillstad,5,2023-09-01
71,Sandra,Smith,2001-03-07,ryan46@gmail.com,384-458-4644,Lake Dariusview,3,2023-09-01
72,Todd,Michael,2002-02-15,taylorjoseph@franco.com,001-321-521-6927x56912,West Amanda,1,2023-09-01
73,Tamara,Wang,2001-02-09,jessicaharrell@hotmail.com,9576432546,Kellyville,2,2023-09-01
74,Diane,Vargas,2005-09-28,owilliams@chambers-shannon.net,(239)347-1248x14849,Moorestad,1,2023-09-01
75,Carol,Davis,2003-11-16,whitakersusan@hotmail.com,347.471.4670x687,Port Jonathanshire,2,2023-09-01
76,Donald,Mayo,2003-10-14,kathryn36@patterson-fox.biz,+1-155-822-3038x54308,North Stacyville,3,2023-09-01
77,Brandi,Hart,2002-02-23,mccarthymaria@walker-trevino.biz,243.040.4450x02017,Mooretown,5,2023-09-01
78,Juan,Walls,2002-07-13,davidbrown@gmail.com,(196)266-8645x52111,Lake Isaiahfort,4,2023-09-01
79,Jason,Powell,2000-06-08,mlopez@ferguson.com,+1-599-210-4183x976,South Juan,4,2023-09-01
80,David,Green,2001-12-26,hollyharris@gmail.com,331-903-6106x68294,Rhondamouth,2,2023-09-01
81,Taylor,Collins,2005-07-01,carlmartin@hoover.biz,628.667.7859x97012,Martinezberg,4,2023-09-01
82,Matthew,Clark,2001-04-13,david25@yahoo.com,+1-745-142-1636x0247,Haleville,4,2023-09-01
83,Christina,Frazier,2004-05-28,johnsoncrystal@huang-wilson.net,194.124.1150x61976,Rowlandmouth,4,2023-09-01
84,Aaron,King,2000-08-08,mooneycynthia@yahoo.com,331.185.9588x51504,Nathanhaven,4,2023-09-01
85,Rebecca,Bond,2001-04-27,masseymark@gmail.com,+1-615-252-4616,Elizabethhaven,1,2023-09-01
86,Duane,Moore,2001-06-22,qrice@gmail.com,894.745.9262,Ibarrafort,3,2023-09-01
87,Richard,Smith,2005-11-07,stephanie35@yahoo.com,837-057-9461x354,Lake William,1,2023-09-01
88,Edward,Thomas,2005-04-04,oelliott@davis-adkins.com,0030688541,Lake Nancy,1,2023-09-01
89,Judith,Cantu,2005-04-02,danielhicks@gmail.com,(829)708-7826,East Lorishire,2,2023-09-01
90,Joseph,Patel,2001-07-16,heatherlyons@velazquez.com,550-130-9190x205,Ivanmouth,5,2023-09-01
91,Morgan,Chandler,2000-02-21,christopher71@mason.org,4935433137,Paulville,3,2023-09-01
92,John,Phillips,2004-08-21,meganpeters@baxter.com,001-637-093-6569x676,New Jill,1,2023-09-01
93,Melissa,Turner,1999-12-03,annette52@hotmail.com,001-451-607-5158x10507,Lake Ashleyland,4,2023-09-01
94,Jennifer,Moore,1999-05-03,smithdavid@hotmail.com,001-506-567-9314x8452,Mollyshire,4,2023-09-01
95,Kendra,Graves,2003-11-21,amanda39@johnston.com,6376186907,South Patrickfort,4,2023-09-01
96,Brian,Skinner,2002-12-13,adavis@hotmail.com,502-043-6595,Kathleenburgh,3,2023-09-01
97,Kimberly,Harris,2002-02-26,richard53@gmail.com,001-511-952-8173x2192,Griffinport,1,2023-09-01
98,Nathan,Anderson,2006-03-31,hammondmary@summers-saunders.com,573-005-7781x550,Wongview,5,2023-09-01
99,Donna,Jones,2000-06-07,arroyoyvette@choi-moreno.com,+1-278-905-9213x764,Port Michelle,5,2023-09-01
100,Alan,Klein,1999-07-01,robert59@yahoo.com,001-489-778-3223,Harperport,2,2023-09-01
101,Charles,Taylor,1999-05-17,roseadam@gmail.com,001-992-467-8328x41969,South Russellberg,2,2023-09-01
102,Andrew,Rice,1999-07-30,bullockchristopher@yahoo.com,5929024173,Amandashire,3,2023-09-01
103,Judith,Wade,2006-01-20,rogersjessica@ford.org,+1-921-757-4423x532,Lake Josebury,4,2023-09-01
104,Emily,Gill,2002-04-21,bjames@brown.com,001-860-873-9953x63155,Wallaceland,5,2023-09-01
105,Brittany,Bradley,2001-03-17,grahamelizabeth@byrd-ryan.info,541-082-9732x99789,South Amberbury,1,2023-09-01
106,Carl,Gonzalez,2005-08-16,briangraves@gmail.com,001-996-358-9935x1231,Michellebury,3,2023-09-01
107,Cynthia,Nguyen,2006-03-22,justinking@yahoo.com,(877)051-7177,Port Jennifer,4,2023-09-01
108,Benjamin,Miller,2006-10-03,jamesbryan@hotmail.com,001-113-682-6254x04985,Hamiltonfurt,1,2023-09-01
109,Jennifer,Ramirez,2005-02-23,david96@dawson-smith.com,001-300-454-1182x768,Cynthiafurt,1,2023-09-01
110,John,Choi,2003-05-03,bakerpenny@gmail.com,696-331-9919,West William,4,2023-09-01
111,Jackie,Williams,2000-01-07,nicolerogers@taylor.com,0812341962,West Gabriellastad,2,2023-09-01
112,Nancy,Barron,1999-04-07,wlewis@hotmail.com,+1-211-876-7183x12054,North Brittany,3,2023-09-01
113,Diana,Campbell,2001-12-09,mwebb@hotmail.com,(154)421-2370,Ryanmouth,2,2023-09-01
114,Taylor,Lee,2006-11-16,christianhenry@sanchez.org,+1-618-776-5598,Port Daniel,1,2023-09-01
115,Jamie,Watts,2000-12-05,william62@palmer-leonard.com,9120888326,Lake Brandon,4,2023-09-01
116,Alan,Cruz,2001-04-11,brenda94@johnson.com,334-552-1656,South Gregory,1,2023-09-01
117,Sara,Solis,2004-04-21,davidgay@hotmail.com,602.428.9572,South Phillip,4,2023-09-01
118,Barbara,Griffin,2000-02-06,lori84@yahoo.com,664-048-2570x04948,Montesborough,5,2023-09-01
119,Terri,Stevens,2004-12-26,yharrington@hess.com,+1-446-242-6195x67524,Lewischester,3,2023-09-01
120,Sandra,Gonzalez,2004-11-09,thomas38@gmail.com,355-022-7042,North Brenda,4,2023-09-01
121,Yvonne,Maldonado,2001-08-09,pamela25@gmail.com,606.815.4311x31242,Mcdonaldview,3,2023-09-01
122,Cody,Moore,2000-05-08,tiffany98@jackson.info,+1-603-239-9479x6126,Andrewview,5,2023-09-01
123,Natalie,Edwards,2001-11-24,johnbrandt@yahoo.com,717.837.2232x7478,Port Alicialand,2,2023-09-01
124,Heather,Vaughan,2004-08-16,nicolecruz@moon-marquez.biz,663-864-5165x23000,Nunezside,1,2023-09-01
125,Patrick,Spears,2005-12-27,johnpowers@allen.com,+1-922-453-8180x256,Victoriafort,4,2023-09-01
126,Jacqueline,Everett,2004-01-17,yparks@harris.com,738.619.0968x54057,East Shawnfurt,5,2023-09-01
127,Lori,Maynard,2002-08-27,qmartin@gmail.com,908.622.4270x9464,New Richardshire,1,2023-09-01
128,Lindsay,Williams,2000-01-14,chelsea94@gmail.com,(175)998-7205x6717,Johnside,2,2023-09-01
129,Amanda,Jackson,2006-01-10,crystal20@yahoo.com,(190)673-2213x58166,New Carol,1,2023-09-01
130,Carrie,Shelton,2005-02-03,christineweber@yahoo.com,175.327.0095,Ericburgh,1,2023-09-01
131,Robert,Padilla,1999-01-30,ariasdoris@gmail.com,413-610-1003x8847,Suzanneport,3,2023-09-01
132,Brittney,Ibarra,2003-08-23,thomas38@yahoo.com,001-520-146-3633x89884,Tiffanyport,5,2023-09-01
133,Mike,Rosales,2004-10-26,alan68@hernandez.com,001-323-830-0795x145,Castroville,5,2023-09-01
134,Anna,Shaw,2006-01-29,rowesarah@harrison.com,906-959-9062,Port Josefort,3,2023-09-01
135,Sara,Barnes,2001-10-08,racheltucker@hotmail.com,+1-946-381-9875x0559,Lake Kyle,3,2023-09-01
136,Timothy,Ramirez,2003-09-17,amyburgess@hotmail.com,074.835.0366x346,North Stephen,5,2023-09-01
137,Nicole,Contreras,2004-09-13,schmidttammy@hotmail.com,3541852157,Randallside,2,2023-09-01
138,Carla,Cole,2006-07-09,cohensara@lopez-robertson.biz,702.724.1285,Lake Christophermouth,2,2023-09-01
139,Ana,Mitchell,2005-08-27,ibush@gmail.com,387.659.8486,South Robert,3,2023-09-01
140,Angela,Jarvis,2002-12-04,jimenezkrista@williams-davis.info,5213538009,Lopezstad,2,2023-09-01
141,Samuel,Payne,2004-05-15,lkennedy@gmail.com,029-112-7146x5220,North Jaime,5,2023-09-01
142,John,Keith,2003-08-20,lewisbrittany@campbell-williams.org,(301)924-6856x21484,South Melindaborough,3,2023-09-01
143,Jane,Vasquez,2006-08-20,pooledebra@mitchell.com,829-006-0702x65507,New Johnburgh,4,2023-09-01
144,Edwin,Robinson,2003-11-17,sarah29@yahoo.com,001-001-952-4749x89073,Port Reginald,4,2023-09-01
145,Jonathan,Lewis,2001-07-18,cblack@hotmail.com,735.259.8339,Thomaston,1,2023-09-01
146,Donna,Santiago,2006-10-21,zrich@carter-green.info,(001)001-0914x9091,Lake Anthony,2,2023-09-01
147,Matthew,Russo,2002-11-24,kimberlythomas@hotmail.com,1942161529,North Amandamouth,1,2023-09-01
148,Regina,Murphy,2006-09-19,paulnicholas@lewis.com,678-607-7252x6359,Jenniferburgh,1,2023-09-01
149,Monica,Edwards,2005-10-08,dmiddleton@hood.net,(055)507-4036,Reedview,3,2023-09-01
150,Julie,Wagner,2001-01-18,douglas28@jones.org,(992)314-4341,East Jerry,1,2023-09-01
151,David,Sullivan,1999-11-16,jeremymcguire@watkins.com,+1-068-948-8854x4716,Lake Jennifer,2,2023-09-01
152,Kristen,Jones,2005-06-22,qphelps@howard.com,297.419.1379x7919,South Jamesmouth,2,2023-09-01
153,Lori,Chambers,2001-03-09,nathaniel62@murphy.biz,(474)937-3062x3308,South Matthewview,4,2023-09-01
154,Cody,Kim,2005-05-11,hannah85@hotmail.com,001-220-492-8781x2242,Philliphaven,2,2023-09-01
155,Michael,King,2005-10-29,enavarro@hotmail.com,(208)920-1954x533,Leonstad,5,2023-09-01
156,Christopher,Hale,2001-05-07,fgreen@hester.com,794-780-0967,Lake Gerald,4,2023-09-01
157,Donna,Roach,2003-08-09,jordankaren@gmail.com,497.836.7997x7631,Port Andrewport,5,2023-09-01
158,Michael,Arnold,2002-08-07,halekevin@mann.biz,687.984.1510x0216,Combsview,1,2023-09-01
159,Cynthia,Ross,1999-09-27,tonya96@hotmail.com,495-878-5645,Anaberg,1,2023-09-01
160,Laura,Simmons,2003-10-03,wrightsandra@gmail.com,001-893-989-0587x8391,West Erica,3,2023-09-01
161,Brandon,Bennett,2005-10-11,parkermelissa@yahoo.com,670.559.0486,Mccartymouth,2,2023-09-01
162,Sean,Mendez,2003-11-07,malvarez@gmail.com,+1-984-154-0171x447,Ericton,5,2023-09-01
163,Jane,Kennedy,2002-05-17,brandyboyd@hotmail.com,660-273-3322x97934,Ericstad,2,2023-09-01
164,Christopher,Martinez,1999-09-07,gcurtis@parker.com,649.032.7668x937,New Raymondmouth,3,2023-09-01
165,Jorge,Moon,1999-10-23,freemanpatricia@phillips.org,6169485982,North Virginiafurt,5,2023-09-01
166,Lisa,Carter,2001-03-19,qmartin@smith-james.com,+1-643-804-9939x861,Dwayneton,1,2023-09-01
167,Donna,Carpenter,2006-02-23,nunezpatty@yahoo.com,7022700566,Mirandastad,1,2023-09-01
168,Haley,Morris,2003-03-23,egallegos@yahoo.com,+1-456-375-8387x01530,Hensonstad,2,2023-09-01
169,John,Gibbs,2005-01-06,martinmike@jacobs-white.com,001-456-401-0054x9936,North Michael,1,2023-09-01
170,Barbara,Howard,2004-04-05,greeneamy@martinez.com,554-034-3490x08582,Rileyside,1,2023-09-01
171,Michael,Nichols,1999-07-20,nperez@johnson.org,(945)239-8810,Bartonbury,3,2023-09-01
172,Jason,Rogers,2005-04-29,kenneth98@thompson.info,3725541964,Hawkinsburgh,1,2023-09-01
173,Christopher,Wong,2004-12-17,omiller@schmidt.com,0166310415,New Beth,2,2023-09-01
174,Donald,Jones,2001-03-16,austincruz@hotmail.com,500-542-2854,East Brittanytown,1,2023-09-01
175,Richard,Aguilar,2005-05-09,dmcdonald@hotmail.com,(416)677-8026x0238,North Daniel,5,2023-09-01
176,Lisa,Nelson,2002-09-12,middletonhayley@hotmail.com,468-060-3766,Allisonton,3,2023-09-01
177,Samantha,Anderson,2003-08-23,sduran@gmail.com,+1-279-113-2000x990,Matthewmouth,1,2023-09-01
178,Kathryn,Lozano,2002-06-12,nathan75@baker-mcfarland.net,388.914.8648x5539,Lake Kennethbury,1,2023-09-01
179,Cory,Norris,2001-10-14,gina57@burton-hahn.com,+1-903-352-4171x076,Port Tony,2,2023-09-01
180,Emily,Garza,2005-04-06,uhall@hotmail.com,(291)427-9641x734,Joshuaton,1,2023-09-01
181,Amy,Cruz,2003-01-21,paulmoore@soto.net,917-226-8487x735,Lake Joseph,3,2023-09-01
182,Alexis,Torres,2004-03-20,elliottsonya@ball-nelson.info,001-184-497-5708x33478,North Scottfurt,3,2023-09-01
183,Scott,Harris,2006-05-27,iortega@johnson.com,035-429-0492x628,South Kimberly,4,2023-09-01
184,John,Lozano,2001-03-19,clarkwalter@yahoo.com,014-450-2584,South Samantha,4,2023-09-01
185,Michelle,Johnson,2004-01-11,millerdevin@williams-johnson.org,761-286-1155x7462,Georgeburgh,3,2023-09-01
186,Gina,Clark,2003-04-21,natalie41@gmail.com,001-049-845-3186x048,Nguyenville,4,2023-09-01
187,John,Johnson,2004-05-11,henry12@mitchell.com,(838)260-8032,Schaeferbury,5,2023-09-01
188,Rodney,Murphy,2000-06-30,harrisonjoseph@yahoo.com,063-251-4236x9490,Marcoberg,3,2023-09-01
189,Ray,Benson,2003-04-26,david60@gibson-kaufman.biz,+1-937-946-7196x99823,Juarezport,5,2023-09-01
190,Jennifer,Barker,2003-10-18,nicholastaylor@yahoo.com,349-353-8765,Port Danny,2,2023-09-01
191,Edward,Armstrong,2001-09-21,cwest@yahoo.com,196.494.1398,Trevormouth,5,2023-09-01
192,Joshua,Daniels,2003-05-22,jonathan80@thomas.net,339.305.4230x08751,Nicholasberg,4,2023-09-01
193,Rose,Davis,1999-01-15,margaret40@rose.com,574.930.1136,Destinyton,3,2023-09-01
194,Joe,Tucker,2003-10-24,bradley73@mayer.info,199-341-1299,North Stephanie,5,2023-09-01
195,Kelsey,Miller,2002-09-05,jamesperez@yahoo.com,678.321.0690,Allisonstad,1,2023-09-01
196,Joe,Roberson,2005-02-23,megangonzalez@hotmail.com,+1-176-240-3750x1091,Lisastad,2,2023-09-01
197,Seth,Miller,2002-10-21,coleerika@yahoo.com,7853229624,West Anthony,4,2023-09-01
198,Elizabeth,Wilkerson,1999-08-31,jonessamantha@gmail.com,6180249620,Port Kimberly,2,2023-09-01
199,Corey,Ferguson,2005-12-12,wilsonjames@hill-fry.net,001-954-239-7382x61290,Heathview,2,2023-09-01
200,Christopher,Gonzales,2004-06-15,christopherwhite@jackson.com,(699)428-2387x81839,Port Jennifer,2,2023-09-01
201,Pamela,Jackson,2005-04-27,juliemorgan@johnson-chen.net,(338)597-7639x9858,West Nicole,2,2023-09-01
202,Linda,Evans,1999-07-02,uduncan@hotmail.com,+1-208-137-8292x3623,South Taylortown,2,2023-09-01
203,Jessica,Fox,1999-09-17,abenson@carpenter.com,(865)203-2613,South Andrewfurt,5,2023-09-01
204,John,Christian,2001-10-30,gmorgan@mccann-king.com,001-969-203-6246,Elaineshire,2,2023-09-01
205,Michael,Pierce,1999-08-26,jennifervilla@hotmail.com,(137)570-2720,New Loribury,2,2023-09-01
206,Samantha,Chan,2006-07-27,dmiller@anthony.org,(939)918-1090x21186,Myerston,5,2023-09-01
207,Lauren,White,1999-02-10,michele18@gmail.com,1181901144,Barnettfort,5,2023-09-01
208,Dana,Henderson,2002-12-23,npalmer@gmail.com,(262)294-2952x09683,New Jacquelineville,4,2023-09-01
209,Melinda,Harper,2001-02-18,steven06@stanley.com,001-071-012-9659x805,Port Alisonfort,3,2023-09-01
210,Catherine,Neal,2006-10-10,wolffernando@roberts.com,+1-290-657-9083x478,North Josephchester,5,2023-09-01
211,Crystal,Osborne,2005-02-07,nicole75@gonzalez-jones.info,005.749.0394,Lake Amyshire,2,2023-09-01
212,Antonio,Compton,2001-02-24,bthompson@francis.com,397-242-3930x3243,East Richard,5,2023-09-01
213,Sarah,Lee,2005-06-28,mercadojames@hotmail.com,839-586-9943x62079,East Andrew,5,2023-09-01
214,Richard,Miller,2006-09-15,adiaz@hotmail.com,001-846-037-8769x16317,South Cheryl,2,2023-09-01
215,Elizabeth,Owens,2003-03-10,philipwalker@patel-herring.info,+1-987-025-2752x0844,West Emily,3,2023-09-01
216,Matthew,Lewis,2006-12-13,lisashepherd@yahoo.com,414-918-3587x9900,North Nicholasshire,5,2023-09-01
217,Daniel,Larson,1999-12-30,jessicaprice@hull.biz,933-847-9135x7178,Johnsonhaven,5,2023-09-01
218,Joseph,Rowland,2004-12-27,kimberly01@hotmail.com,001-522-383-3138,Tylerhaven,2,2023-09-01
219,Michael,Oneill,2006-07-23,wsmith@yahoo.com,+1-654-042-5849x41861,South Stefanie,2,2023-09-01
220,Carla,Joseph,2005-07-27,petersrobert@mendez-arroyo.biz,(180)902-9158,West Alexisstad,2,2023-09-01
221,Jonathan,Rojas,2005-09-22,westandrew@hotmail.com,543.280.7900x346,New Sandrabury,5,2023-09-01
222,Patrick,Jimenez,2006-03-26,larry89@young.com,+1-598-045-3407x1170,North Robert,5,2023-09-01
223,Miguel,Nelson,2001-12-21,chad84@yahoo.com,525-596-8744x7159,New Michaelmouth,5,2023-09-01
224,Timothy,Johnson,2001-05-25,anthonybailey@gmail.com,759.603.5460x304,Danastad,1,2023-09-01
225,Charles,Waller,2005-11-30,fsmith@gmail.com,001-659-378-4395,Simonville,2,2023-09-01
226,Kyle,Haynes,2002-02-12,nicoleerickson@miller-holt.org,185-843-9500x8714,Anthonymouth,2,2023-09-01
227,Jerry,Green,1999-12-07,gwebb@castillo-cooper.com,(686)099-1591x2236,Russellbury,3,2023-09-01
228,Jennifer,Martinez,2004-12-02,larsonjessica@gmail.com,653.049.7302x55830,West Ryanland,4,2023-09-01
229,Ryan,Mcdonald,2005-06-14,hornrobert@johnson.com,+1-902-216-8570x402,Port Andreafort,4,2023-09-01
230,Roberto,Dixon,2000-10-21,radkins@king-poole.biz,827.550.5033x247,West Jamesbury,2,2023-09-01
231,Autumn,Grant,2000-10-25,crystalalexander@gmail.com,693.042.2934x9407,Gonzalezhaven,3,2023-09-01
232,Angela,Garcia,1999-07-24,jacksonrose@yahoo.com,605-174-1856,North Brittanybury,1,2023-09-01
233,Christopher,Ellis,2002-06-01,morrisonamanda@gallegos-moore.com,194.535.8804,Loristad,3,2023-09-01
234,Caitlin,Price,2003-05-12,thomas15@pruitt-roman.com,(334)102-7610,Smithhaven,4,2023-09-01
235,Melanie,Bradley,2003-07-18,hartpaula@hotmail.com,954.769.8436x4733,Port Kristen,5,2023-09-01
236,Jacob,Ball,2000-03-22,ebarry@mitchell.biz,2277116200,Lake Michael,1,2023-09-01
237,Deborah,Campbell,2004-04-18,heathhayden@irwin-harrington.com,(214)440-7169x743,Port Daniel,2,2023-09-01
238,Lorraine,Wells,2000-02-07,xglenn@thompson.info,6991995708,Evanview,4,2023-09-01
239,Christine,Wilcox,2002-06-25,christinavelez@yahoo.com,001-362-003-6887x308,Tinaton,3,2023-09-01
240,Jasmine,Keller,1999-04-18,cynthia21@gmail.com,(432)234-1096,South Lisa,4,2023-09-01
241,Nicholas,Rodriguez,2003-06-22,mark31@gmail.com,793.347.0441,South Robin,1,2023-09-01
242,Brittany,Wilson,2006-05-28,sierra93@juarez-harris.org,824-728-0395,South Cynthia,4,2023-09-01
243,Dave,Lopez,2002-11-28,rhonda50@barrett.com,+1-823-073-3350x84336,Heatherview,1,2023-09-01
244,Timothy,Rogers,2005-10-01,daniellesellers@perry.com,4351250335,North Elizabeth,1,2023-09-01
245,Emily,Miller,2001-11-19,ronniemarshall@barnes-dougherty.com,056-597-6413x7839,Murphyton,2,2023-09-01
246,Debbie,Farley,2000-04-13,bsnyder@yahoo.com,(038)190-4199,East Sandraberg,4,2023-09-01
247,Angela,Green,2001-08-27,iwright@carter.com,001-844-814-3051x69520,West Alextown,1,2023-09-01
248,Tracey,Perez,2003-11-13,hpatel@morrison.com,9465656599,Lisaview,3,2023-09-01
249,Stephanie,Klein,2004-03-15,desiree87@hotmail.com,(724)306-1987x560,Clarkborough,1,2023-09-01
250,Frank,Maldonado,2003-09-04,zward@howard-austin.com,(029)077-1594,Lake Edwardhaven,2,2023-09-01
251,Allen,Ruiz,2002-06-14,chrissmith@yahoo.com,(333)122-2264x63238,Stevensburgh,1,2023-09-01
252,Whitney,Robertson,2001-05-13,josephlevine@hotmail.com,307-897-0280x784,Matthewfurt,4,2023-09-01
253,Jackie,Price,1999-07-22,robert40@yahoo.com,475.881.0023x9035,East Patriciaview,1,2023-09-01
254,Amy,Jackson,2005-06-17,moniquebell@beard-santana.com,+1-804-292-6534,North Margaret,3,2023-09-01
255,Bryan,Kim,2006-10-23,juliegilmore@barr.org,+1-465-329-3693x6741,Emilymouth,1,2023-09-01
256,Adrian,Salinas,2000-02-28,mbradford@gmail.com,006-076-0193,Davidberg,1,2023-09-01
257,Samuel,Wu,2000-11-09,william24@gmail.com,001-263-596-6926x3159,Sabrinaville,2,2023-09-01
258,David,Holland,2002-12-07,michael29@hotmail.com,537.155.1116,Lake Jenniferchester,2,2023-09-01
259,Jacqueline,Butler,2004-05-11,connorsanchez@harris.com,515.387.0720x9418,Garzaland,1,2023-09-01
260,Andrew,Palmer,2001-09-30,cbarker@gmail.com,(381)900-2670x53045,Forbesport,1,2023-09-01
261,William,Shea,1999-12-11,karen95@mitchell.com,+1-938-488-9534x57711,North Chad,4,2023-09-01
262,David,Hays,2002-03-16,joseph52@gmail.com,+1-915-250-9065x193,Port Dariushaven,1,2023-09-01
263,Kimberly,Stewart,2005-10-11,jamesshaw@marks-shields.com,135.658.6237,Lake Ryan,4,2023-09-01
264,Kristen,Graves,2004-05-31,zelliott@yahoo.com,+1-852-848-0771x06519,South Alexanderchester,3,2023-09-01
265,Hannah,Peterson,2002-09-23,trevor39@gmail.com,001-379-905-8108x17281,North Joseph,4,2023-09-01
266,Jesus,Cox,2004-09-02,laura71@yahoo.com,(838)219-5806x93058,New Jenniferville,2,2023-09-01
267,Anthony,Matthews,2000-10-09,hector74@scott.net,794.247.0908x8528,Rojasfort,3,2023-09-01
268,Tina,Reynolds,2002-02-02,ogregory@gmail.com,531.149.1518,Sarahhaven,1,2023-09-01
269,Michael,Lucero,2006-09-01,christopher75@gmail.com,(249)112-4245,Stephanieburgh,2,2023-09-01
270,Drew,Lucero,1999-02-06,zpark@mullins-myers.com,034-082-8628x4826,Benjaminville,3,2023-09-01
271,Carolyn,Morse,2004-05-09,fward@hotmail.com,+1-627-634-4458x367,South Joshuaville,2,2023-09-01
272,Daniel,Scott,2002-12-30,john28@gmail.com,873-262-9026x8446,South Jacob,1,2023-09-01
273,Nicole,Henry,2005-07-24,preyes@grant-leonard.com,818.514.2075x4257,West Rachel,3,2023-09-01
274,Olivia,Koch,2001-12-01,iparsons@love-hurley.biz,2796630518,Andrewhaven,2,2023-09-01
275,Kevin,Mason,2006-11-28,estevenson@gmail.com,808.228.4192x291,West Christina,3,2023-09-01
276,Scott,Brown,2004-10-21,timothyluna@hebert.org,571-874-1913x577,Port Timothy,5,2023-09-01
277,Joshua,Rose,2003-05-25,jamesesparza@hotmail.com,+1-665-716-6447,Sarahside,4,2023-09-01
278,Jose,Martin,1999-02-09,canderson@schultz.info,294.609.5462,East Amyfort,1,2023-09-01
279,Jennifer,Donaldson,2006-12-10,shellyingram@gould.com,078-525-7472x9578,Aprilstad,3,2023-09-01
280,Jasmin,Aguilar,2003-07-30,hayesphilip@yahoo.com,367.128.9851x164,Davisbury,5,2023-09-01
281,Kimberly,Johnson,2003-08-25,thomasana@gardner.com,815-428-2755x2354,Jasonchester,5,2023-09-01
282,Richard,Hamilton,1999-07-25,mconner@hotmail.com,(887)510-2460x848,South Conniefort,1,2023-09-01
283,Kristen,Perry,2002-11-25,hernandezarthur@gmail.com,(388)929-1295x0766,South Josephland,1,2023-09-01
284,Dawn,Holland,2005-08-12,jwilson@brown.com,911.893.1329x6922,Watkinschester,4,2023-09-01
285,Randall,Kennedy,2002-07-28,osbornejulie@yahoo.com,(845)358-9702x19232,West Phillip,3,2023-09-01
286,Jeff,Richards,2006-03-07,gilbertdiane@le-powell.com,001-043-257-8470x04590,Crystalmouth,3,2023-09-01
287,Jacqueline,Lawrence,2002-09-17,theresa77@kelly.org,(621)555-1356x706,Jillianhaven,2,2023-09-01
288,Dennis,Burnett,2003-07-20,hunter66@brooks-rivera.com,(604)219-1250x7392,Port Michaelland,3,2023-09-01
289,Lisa,Butler,1999-07-25,monique75@hotmail.com,(085)255-9479,Staceyland,4,2023-09-01
290,Daniel,Jones,2004-09-01,erin32@gmail.com,380-954-3932,Phillipsborough,2,2023-09-01
291,Ashley,Dixon,1999-07-04,williamskaitlyn@gmail.com,(923)641-5947,North Erin,4,2023-09-01
292,Bradley,Davis,2003-09-22,cassandraturner@gmail.com,(243)010-6633,Matthewbury,4,2023-09-01
293,Christina,Valentine,2006-05-08,frank20@hotmail.com,001-667-416-4124x0982,Josephburgh,1,2023-09-01
294,David,Ryan,2000-07-16,rhondaalvarez@mclaughlin.com,259-611-4506,North Glenton,4,2023-09-01
295,Elizabeth,Mooney,2006-06-03,lisafriedman@smith.com,289.206.6298,Brownside,5,2023-09-01
296,Emily,Perez,2001-07-16,isaac28@bond.info,541.997.1318,New Davidstad,4,2023-09-01
297,Omar,Bond,2002-02-27,jmartin@hull.biz,+1-681-706-0982,West Lawrence,2,2023-09-01
298,Erin,Marshall,2006-05-22,njacobson@bryant-mathis.com,(756)825-4296x843,Port Richard,2,2023-09-01
299,Carrie,Smith,2001-09-15,mark02@smith.com,+1-013-364-1911x574,Ryanberg,4,2023-09-01
300,Jason,Clark,2003-02-25,mallory79@gmail.com,7246741741,Lake Ann,2,2023-09-01
301,Daniel,Chen,2003-02-08,ecannon@hotmail.com,+1-892-435-5292x608,West Robert,1,2023-09-01
302,Anna,Alexander,2005-08-20,zhood@gmail.com,001-385-550-0462x6180,Andersonchester,1,2023-09-01
303,Amanda,Chandler,2000-10-15,abanks@rubio-stanley.com,(030)856-2055,Webermouth,3,2023-09-01
304,Craig,Barrett,2002-10-15,ecampbell@gilbert.biz,001-161-221-4570x194,West Ronaldville,5,2023-09-01
305,Amber,Rivera,2006-02-26,eparker@clark.biz,(575)454-4483x3771,New Joshua,5,2023-09-01
306,Daniel,Ballard,2000-11-15,briana09@hansen-wilcox.net,+1-972-717-9859x9109,Marvinfort,3,2023-09-01
307,Bonnie,Lindsey,2002-02-07,monicamyers@hotmail.com,064.777.4539x5677,Taylortown,1,2023-09-01
308,Valerie,Lewis,2002-06-19,williamsjoy@hotmail.com,(476)582-5200,Port Shawn,1,2023-09-01
309,Denise,Mendez,2003-01-16,tylerharrison@yahoo.com,626.196.7388,Johnnyhaven,4,2023-09-01
310,Kathy,Bryant,2003-09-27,hillstacie@gmail.com,001-182-307-1002x892,Port David,1,2023-09-01
311,Donald,Smith,2006-11-16,ericaparrish@gmail.com,001-579-463-3546x281,South Patricialand,4,2023-09-01
312,Jose,Robinson,2002-02-24,michaelpham@russell.biz,248-700-9489x0684,Kristenstad,5,2023-09-01
313,Barbara,Mccarthy,2003-04-22,spearsrichard@hotmail.com,(009)457-0209,Williamston,3,2023-09-01
314,Melissa,Gray,2002-06-26,lopezbrandon@hotmail.com,001-954-230-3690x0659,South Paige,4,2023-09-01
315,Wanda,Howell,2003-07-18,jacob68@hotmail.com,106-991-3649x6435,Rodriguezport,5,2023-09-01
316,Rachel,James,2004-12-19,karenhoffman@gmail.com,420-059-6194,East Markview,4,2023-09-01
317,Jessica,Kennedy,2000-06-29,jeffrey74@aguilar.net,5447915118,Conradville,3,2023-09-01
318,Todd,Salinas,2003-06-18,rrodriguez@fowler.info,(492)490-4509x451,East Rodneyport,3,2023-09-01
319,Reginald,Deleon,2003-03-03,lfreeman@burch-davis.com,+1-261-955-0847,Krystalberg,5,2023-09-01
320,Christopher,Smith,2003-11-12,jennifer10@gmail.com,483-311-2948,Bensonland,2,2023-09-01
321,James,Weiss,2001-12-27,lwilliams@kim.com,835.211.7172x6101,Fernandezmouth,1,2023-09-01
322,Emily,Reyes,2003-08-17,simpsonemily@roberts-sharp.com,+1-346-865-8325,New Amanda,5,2023-09-01
323,Brandi,Mckee,2001-12-10,susanbrown@yahoo.com,(810)979-1535x55995,Johnhaven,2,2023-09-01
324,Ashlee,Pierce,2001-01-18,julieclark@nguyen-young.net,620-410-5690x669,Brandtshire,1,2023-09-01
325,Susan,Carter,2005-02-23,gmullen@yahoo.com,980-041-6273,Danmouth,1,2023-09-01
326,Kevin,Miller,2000-03-14,mackenzie66@franklin.com,(063)830-0320,Shannonmouth,5,2023-09-01
327,Ryan,Bailey,2006-11-07,bellamy@hotmail.com,298-429-2518x34521,Timothytown,4,2023-09-01
328,Paul,Lopez,2002-01-15,wardmark@gmail.com,166.575.1271,Russellfort,5,2023-09-01
329,Christian,Rodriguez,2006-06-16,onealnatalie@jackson-burton.com,757.799.7162,North James,4,2023-09-01
330,Bruce,Cooper,2002-03-01,gbryant@riley-smith.com,(259)695-3580x5162,Joshuahaven,1,2023-09-01
331,Daniel,Wright,2005-03-19,ycoleman@chan-lee.com,288.146.7823,Lake Matthewtown,3,2023-09-01
332,Carmen,Hernandez,2001-04-22,jay42@johnson-cross.com,+1-506-810-2172x640,New Joannafort,3,2023-09-01
333,Teresa,Meyer,2003-02-24,veronica51@gmail.com,001-748-301-9278x99704,Kennethhaven,3,2023-09-01
334,Catherine,Mendez,2002-07-28,carrillodawn@roberts-warren.info,118-384-0681x326,Nelsonchester,1,2023-09-01
335,Ivan,Stewart,1999-07-07,evanslisa@gmail.com,001-562-647-1752x72599,East Kellyville,5,2023-09-01
336,Kathy,Brock,1999-11-02,michellebates@gmail.com,(777)591-3645x6696,West Meganburgh,5,2023-09-01
337,Jessica,Johnson,2001-10-14,jacquelinewilliams@yahoo.com,001-601-381-1890x757,Port Andrewville,4,2023-09-01
338,John,Mejia,2001-09-09,elizabeth60@yahoo.com,634-046-4231x5688,Port Erin,2,2023-09-01
339,Stephen,Meyers,2003-01-14,ashleystewart@velasquez-lowery.com,(078)706-2404,Sharonview,5,2023-09-01
340,Jill,Nichols,2005-02-16,ssullivan@hotmail.com,001-643-823-1647,North Lisa,4,2023-09-01
341,Jose,Lewis,2000-11-03,kelly60@hotmail.com,087.009.6553x286,Marissafurt,1,2023-09-01
342,Linda,Hunt,2004-11-05,rachelaguirre@murray.net,001-596-840-0324x5541,Jessicafurt,3,2023-09-01
343,Miguel,Marshall,2001-10-19,contrerasnicole@jenkins-moreno.com,(777)821-3461x8634,West Yolandaport,1,2023-09-01
344,Megan,Kelly,1999-09-12,victoriahernandez@johnson.biz,016-085-4897,Davisshire,4,2023-09-01
345,Ariel,Burton,2002-12-09,kim53@yahoo.com,001-398-518-6913x28195,South Glen,2,2023-09-01
346,Hannah,Evans,2005-08-21,julie67@patterson.com,376-476-8782x49272,Murraymouth,5,2023-09-01
347,Sydney,Roberson,2000-10-23,chapmanbobby@gmail.com,340.526.1370x35139,New Kayla,3,2023-09-01
348,James,Peterson,2004-02-13,david97@gmail.com,+1-219-943-2325x7411,Allentown,3,2023-09-01
349,Timothy,Ward,2005-06-02,susanlin@hotmail.com,722-606-9863x162,Donnatown,5,2023-09-01
350,Lauren,Lozano,2002-10-06,melissabecker@martinez-taylor.org,055-391-0249x9322,East Kelseyville,2,2023-09-01
351,Cesar,Trevino,1999-09-07,alee@gmail.com,308.051.5098,Williamland,4,2023-09-01
352,Gina,Perez,2003-09-28,ntaylor@hotmail.com,3827398738,East Michelle,4,2023-09-01
353,Peggy,Gordon,2002-09-12,jacob42@reed-yoder.com,580-689-1993x58809,Port Elizabeth,4,2023-09-01
354,Douglas,Mccormick,2005-11-06,adrianlutz@hotmail.com,537-219-1254x40493,North Travisstad,5,2023-09-01
355,Johnathan,Gutierrez,2001-08-26,mitchellleslie@gmail.com,+1-066-395-2332x981,Daleberg,1,2023-09-01
356,James,Henry,2004-10-30,rherrera@gmail.com,(072)660-4772x371,North Virginiamouth,4,2023-09-01
357,Christopher,Williams,2000-01-30,danny07@yahoo.com,280.437.9637x773,West James,2,2023-09-01
358,John,Blackburn,2002-07-25,maliknorton@gmail.com,+1-110-736-5987x6431,Brianberg,2,2023-09-01
359,Marisa,Reed,2005-04-29,ureynolds@hotmail.com,+1-761-812-7250x8589,Douglasfort,2,2023-09-01
360,Brett,Smith,2002-02-18,michaelburton@johnson-wagner.net,+1-176-391-5085,East Maurice,4,2023-09-01
361,Veronica,Thomas,2005-06-02,samuelbrown@yahoo.com,001-556-764-8682x44121,West Terry,3,2023-09-01
362,Erika,Zuniga,2003-05-31,znorris@smith.net,001-200-666-5265x40610,Port William,4,2023-09-01
363,Paul,Jimenez,1999-01-12,josephanderson@clark.net,500-775-6080x06672,Franklinburgh,1,2023-09-01
364,Bryan,Page,2006-09-13,amanda07@cherry.com,+1-012-587-3936x419,Port Sarah,4,2023-09-01
365,Juan,Flowers,1999-07-13,howardchad@wilcox.com,112.822.7617,South Michellemouth,3,2023-09-01
366,Peter,Hooper,2000-10-21,clarkcarlos@flowers.com,721-673-2062x279,Hernandezside,5,2023-09-01
367,Faith,Stanton,1999-10-23,hortiz@moore.com,001-614-287-8945,Kylemouth,5,2023-09-01
368,Edward,Moore,2001-06-08,david44@cervantes-porter.biz,001-585-739-0033x5042,Richmondmouth,4,2023-09-01
369,Patricia,Cox,2006-11-24,avilamark@lopez.com,+1-728-678-2596x89399,North Kathy,1,2023-09-01
370,Jeffrey,Martin,2002-09-19,samantha55@gmail.com,+1-661-728-9396x0537,Lake Kimberlymouth,3,2023-09-01
371,Shane,Gilbert,2003-12-08,kevin53@wyatt-crawford.com,(583)516-5639x4238,Jessicahaven,1,2023-09-01
372,Brittany,Mcmahon,2001-05-21,lindavid@gmail.com,(023)432-3411x77406,New Mark,1,2023-09-01
373,Linda,Knight,2002-02-26,samanthasandoval@mcdowell.com,1364311772,Dylanside,5,2023-09-01
374,Stacey,Leonard,2000-09-06,shelley66@hotmail.com,450-329-9730x015,Port Haleyside,2,2023-09-01
375,Anna,Ford,2004-09-18,joshuayoung@harrison.biz,(759)465-8392,Ryanshire,1,2023-09-01
376,Richard,Dixon,2005-12-10,bradleyrichardson@gmail.com,001-808-861-4748,West Michelle,1,2023-09-01
377,Jonathan,Cabrera,2000-09-09,parellano@williams.com,+1-598-569-7708x5509,West Toniview,4,2023-09-01
378,Ronnie,Higgins,2000-05-18,crystal65@yahoo.com,255.786.9157x1431,Cookehaven,1,2023-09-01
379,Kevin,Gonzales,2000-12-14,sean76@king.com,001-152-576-5548x0818,North Craigborough,2,2023-09-01
380,Tim,Sanchez,2002-04-03,heatherjones@cunningham-edwards.info,+1-959-146-5565x6316,West Stephanie,5,2023-09-01
381,Megan,Gordon,2001-05-08,fchang@gmail.com,941-978-1423x8843,Vegamouth,2,2023-09-01
382,Tammy,Jones,2006-10-18,sheri33@hotmail.com,(973)066-2438x881,Morganfort,3,2023-09-01
383,Lauren,Pope,2004-06-22,john80@mcgee-curtis.com,+1-444-099-5873x861,Meltonfort,5,2023-09-01
384,Christopher,Ramos,2000-07-24,austinabbott@gmail.com,484.746.5263x952,Catherineton,4,2023-09-01
385,Carmen,Davis,2006-07-30,reedsarah@gmail.com,628-484-1989,West Edwin,4,2023-09-01
386,Alexandra,Cooke,2003-11-30,vyork@george-rodriguez.org,703.627.6193x022,East Rachael,4,2023-09-01
387,David,Johnson,1999-02-09,lauren58@thomas.info,(232)155-5905,Port Juliefort,5,2023-09-01
388,Christopher,Jenkins,2001-11-24,kramerdanielle@conway-kelly.com,+1-315-384-0773,Port Markfort,5,2023-09-01
389,Glenn,Shepard,2005-03-12,katherine15@gmail.com,836.128.6974,Brittanyborough,5,2023-09-01
390,Jordan,Maldonado,2006-01-03,qsmith@hotmail.com,001-638-453-4441x406,Port Coreyville,4,2023-09-01
391,Juan,Pierce,2006-07-17,lgreen@gmail.com,4377210334,New Katelyn,3,2023-09-01
392,Jeremy,Nash,2005-02-10,melissa69@hotmail.com,001-937-676-4489x723,Petersonhaven,2,2023-09-01
393,Stephanie,Fields,2002-02-12,jmoreno@mitchell.com,481.327.1130,North Bryan,1,2023-09-01
394,Diane,Adams,2004-09-01,tylerwood@wolfe-aguirre.biz,001-182-035-0496x62415,East Michael,4,2023-09-01
395,Kenneth,Smith,2001-01-28,glennjohnson@gmail.com,325-924-7653x860,Kellyfurt,5,2023-09-01
396,Charles,Joseph,2006-10-01,shelbybryant@bryant-smith.com,(717)354-3937x46074,Lake Veronica,4,2023-09-01
397,Edwin,Mitchell,2000-12-29,uburton@hotmail.com,(400)063-3594x066,Rogerschester,5,2023-09-01
398,Tyler,Banks,2000-10-08,richard11@carrillo.com,430-527-2624,East Jessicatown,4,2023-09-01
399,Bryan,Floyd,2006-01-09,umcclain@hotmail.com,(282)340-1335x273,West Ronald,3,2023-09-01
400,Donald,Hall,2006-11-20,fernando88@gmail.com,7314792448,Walkerland,4,2023-09-01
401,Brenda,Jackson,2000-03-17,wwalters@gray.com,(318)018-1222x13855,Michaelstad,5,2023-09-01
402,Lance,Davis,2006-09-08,mackleon@hotmail.com,887-843-3986x922,Chelseaberg,5,2023-09-01
403,James,Taylor,2003-11-05,cmartin@williams.biz,001-886-514-3402x0492,New Brittanyborough,3,2023-09-01
404,Michael,Bean,1999-04-07,callen@hotmail.com,+1-936-490-7597x177,North Danielle,4,2023-09-01
405,Matthew,Li,2006-01-07,michellebailey@gmail.com,001-038-444-1029,Rodneyton,4,2023-09-01
406,Joe,Morgan,2004-11-23,dixonsean@gmail.com,001-852-485-9587,Nathanhaven,1,2023-09-01
407,Walter,Wright,2003-10-10,josedavis@yahoo.com,+1-654-834-9545x972,East Jose,2,2023-09-01
408,Amy,Collins,2005-10-07,avilakyle@yahoo.com,001-248-485-3645x0488,Newmanview,2,2023-09-01
409,Matthew,Garcia,2005-04-26,gateslisa@hotmail.com,807.104.9853x2369,New Madelineview,2,2023-09-01
410,Erin,Nelson,2000-01-23,antonio76@moran.info,(483)195-2435,Julieville,5,2023-09-01
411,Glenn,Smith,2001-05-07,staffordstacy@hotmail.com,+1-525-955-4870x47995,Nicolemouth,4,2023-09-01
412,Ashley,Osborn,2005-11-07,morganconway@hotmail.com,001-213-894-6975x317,Yatesside,2,2023-09-01
413,Kathryn,Frey,2005-10-12,jonestina@gmail.com,608.892.0198,Angelamouth,1,2023-09-01
414,Katherine,Simmons,2004-01-01,kellyjessica@acosta.org,4035414246,Longhaven,2,2023-09-01
415,Teresa,Jones,2006-11-27,jacobhoover@gmail.com,+1-416-847-1550,Tanyaborough,4,2023-09-01
416,Michael,Mathis,2001-05-11,lisa30@yahoo.com,+1-187-229-7812x66900,Millerside,4,2023-09-01
417,Sonya,Reid,2004-12-19,edwardsjoshua@hotmail.com,095.323.2816x4331,North Garyfurt,1,2023-09-01
418,Nicholas,Lawrence,2003-02-22,usmith@yahoo.com,775.248.8399x73543,Steventon,1,2023-09-01
419,Jacqueline,Rich,2006-05-09,brandonhenry@rivers.org,+1-849-625-2265x44985,Grantmouth,1,2023-09-01
420,Phillip,Chang,1999-09-18,robertharris@hotmail.com,730-663-2370x782,Edwardsport,5,2023-09-01
421,Ashley,Callahan,2001-02-25,barbaragomez@yahoo.com,122-877-7112x06874,West Elizabethburgh,1,2023-09-01
422,Steven,Lang,2005-02-17,vgoodman@martin.com,+1-293-236-8019,Lake George,2,2023-09-01
423,Benjamin,Carr,2001-09-08,lisa31@gmail.com,+1-123-332-6049x3660,Marshallport,2,2023-09-01
424,Edwin,Baker,2003-07-22,greenchristopher@robertson.biz,398-750-6185,Lake Jenny,5,2023-09-01
425,Rachel,Strickland,2004-10-24,armstrongandrew@yahoo.com,+1-893-810-0159x4652,Byrdborough,3,2023-09-01
426,Derek,Fischer,2004-03-04,gonzalesjuan@garza.info,001-573-413-4233,Port Matthewton,1,2023-09-01
427,Katie,Russell,2006-08-03,benjaminbutler@cline.com,863.750.0662x07687,Jackfurt,4,2023-09-01
428,James,Arias,2000-01-11,qharris@gmail.com,001-297-891-8303x15335,East Joseph,3,2023-09-01
429,Andrew,Moore,2002-02-05,pmartinez@davis.com,+1-831-415-1015x56138,East Tammy,3,2023-09-01
430,Melissa,Simpson,1999-10-21,michelle76@yahoo.com,001-195-255-3762x6198,North Jeffrey,2,2023-09-01
431,Jennifer,Mejia,2006-03-30,ronaldallen@yahoo.com,2836526893,Osbornfort,4,2023-09-01
432,Eric,Brown,1999-03-20,kentchristopher@yahoo.com,730.158.5987x9045,Port Susanbury,4,2023-09-01
433,Eileen,Williams,2003-11-03,ofaulkner@martinez.com,001-197-049-1860x98258,Fowlermouth,2,2023-09-01
434,Jose,Larson,1999-06-10,amysullivan@stewart-mcfarland.com,001-789-929-8247x989,Stevenshire,5,2023-09-01
435,Sherry,Gordon,2003-06-08,chad94@anderson-ingram.com,345.392.8045x5605,Mitchellborough,1,2023-09-01
436,Christopher,Williams,2000-02-23,smithkeith@gmail.com,(925)845-8684,Port Williammouth,4,2023-09-01
437,Frank,Hogan,2002-05-19,karen14@hotmail.com,001-549-178-3077x48272,Fowlerhaven,3,2023-09-01
438,Eric,Young,2003-04-20,smccoy@gmail.com,053-545-2277x3385,Williamsbury,3,2023-09-01
439,Gerald,Thornton,2000-10-09,ashleydavis@walters.com,(763)259-2555x80770,Danielborough,4,2023-09-01
440,Isabella,Donaldson,2002-12-29,wendymartin@chapman.biz,569.590.8209x1534,Karenburgh,4,2023-09-01
441,Christopher,Pierce,2004-04-13,caldwellandrew@mahoney-noble.com,+1-968-915-4140x681,North Josephfort,3,2023-09-01
442,Joshua,Flores,2002-05-20,cassandrajordan@yahoo.com,(598)241-0031x5813,Lake Gabriela,3,2023-09-01
443,Michael,Austin,1999-03-30,robert17@baxter.com,(564)280-2560,North Loriport,1,2023-09-01
444,Mark,Johnson,2005-02-04,ocollins@martinez.com,346.704.2252,Steinville,4,2023-09-01
445,Debbie,Miller,2002-06-05,michaelgomez@gmail.com,825.149.8880,West Jessicaville,5,2023-09-01
446,Brian,Miller,2001-07-25,harrissean@ortega.com,(292)235-5761,Tiffanyland,5,2023-09-01
447,Benjamin,Powell,2006-08-02,murphylatoya@gmail.com,(532)615-1085x204,Emilyland,3,2023-09-01
448,Shannon,Andrade,2002-03-27,danielcompton@mann.com,001-047-981-5132x787,Fisherside,2,2023-09-01
449,Brenda,Fisher,1999-06-17,cindyhoward@hotmail.com,+1-382-696-1879x4194,Jenniferbury,1,2023-09-01
450,Allison,Nichols,2002-05-26,tinapruitt@hotmail.com,108-934-0856x460,New Marcusfurt,3,2023-09-01
451,Sharon,Hogan,2000-06-07,wesleywallace@gmail.com,+1-046-381-1904,Connorborough,5,2023-09-01
452,Michael,Jennings,2005-03-25,brightjessica@zamora.com,001-475-325-0058,South Elizabethport,1,2023-09-01
453,Madison,Miller,1999-03-14,garciajames@hotmail.com,677.983.5118,Williamview,5,2023-09-01
454,Debra,Stewart,2003-10-23,valdezkyle@rogers-welch.biz,+1-478-760-7276x182,Lake Jonville,3,2023-09-01
455,Bruce,Tyler,1999-04-04,justin30@gmail.com,+1-456-743-4753x1605,Lake Autumnberg,4,2023-09-01
456,Patrick,Francis,2005-10-10,lovealexander@hotmail.com,001-337-972-5655,Janiceland,5,2023-09-01
457,Ricardo,Small,2004-10-22,fieldssteven@norton-wong.com,(129)708-5937,Frederickbury,4,2023-09-01
458,Brian,Lawson,2001-01-20,sgarcia@hotmail.com,527.713.2936x390,Dianafort,3,2023-09-01
459,Charles,Cochran,2004-05-05,shelley06@chan.com,(594)066-5724x33880,Theresaville,1,2023-09-01
460,Lance,Beard,2006-04-04,lopezmelissa@yahoo.com,5239148737,South Davidburgh,4,2023-09-01
461,Melissa,Stewart,2001-08-19,katelynlee@woods.com,854-805-3677x9412,Leeberg,2,2023-09-01
462,Isaac,Dickson,2002-03-09,robertcochran@hotmail.com,001-008-756-8776x028,North Benjamin,3,2023-09-01
463,Michelle,Hernandez,2003-10-05,lisa16@nichols.com,+1-610-486-4030x4491,Rogershaven,4,2023-09-01
464,Barbara,Combs,2002-12-04,xwilliams@kennedy-smith.net,001-120-374-4601,Kempton,2,2023-09-01
465,James,Richards,2004-03-22,ffisher@yahoo.com,001-933-739-4904x27206,Nicoleton,5,2023-09-01
466,Gloria,Obrien,2003-05-04,stevenvaldez@gmail.com,(784)156-7326x2737,Port Larryberg,4,2023-09-01
467,David,Curry,2003-05-30,jodyhayden@yahoo.com,+1-160-028-7578x434,Stanleyfort,4,2023-09-01
468,James,Rhodes,2001-07-09,marktucker@freeman-rice.net,+1-545-555-1062x6551,Nashfurt,4,2023-09-01
469,Dana,Mahoney,2001-10-05,barreraphilip@yahoo.com,001-772-270-4701,West Stacey,2,2023-09-01
470,Michael,Martinez,2003-01-18,mary24@yahoo.com,938-425-9552x385,Stevestad,5,2023-09-01
471,Brian,Mcdonald,2001-05-02,ylara@hotmail.com,001-094-739-0043x0572,Hamiltonmouth,5,2023-09-01
472,Amy,Parker,2005-09-01,qlevy@hotmail.com,(104)083-7169x0453,Brooksside,5,2023-09-01
473,Dustin,Clark,2005-11-18,kimberly34@gmail.com,594.459.2779x805,Port Jonathanmouth,2,2023-09-01
474,Christopher,Wilson,2006-01-19,michael46@gmail.com,(999)353-2997,Geraldfort,4,2023-09-01
475,Ricardo,Porter,2000-07-09,wilsonsierra@gmail.com,041-868-7174,Poolechester,4,2023-09-01
476,Olivia,Tate,2005-12-06,youngeileen@foster.info,860.897.1188,Robinsonburgh,3,2023-09-01
477,Tom,Rodriguez,1999-03-04,raylisa@hotmail.com,+1-482-843-2843x893,New Aprilfurt,3,2023-09-01
478,Elizabeth,Chavez,2000-10-27,schultzpatrick@hotmail.com,001-489-391-1027x49344,Lake Barbaratown,2,2023-09-01
479,David,Bowers,1999-09-25,hensonfaith@yahoo.com,(744)627-4475,Lisamouth,4,2023-09-01
480,Juan,Taylor,2003-02-11,robert90@bell.com,452.323.0358,Marcusport,5,2023-09-01
481,Tina,Reed,2001-06-07,wdunn@liu-lee.info,+1-185-829-7407x55899,Loriside,5,2023-09-01
482,Laura,Santana,2001-07-24,romerotravis@shannon.com,001-311-392-6925x269,North Codymouth,3,2023-09-01
483,Jesus,Campbell,2001-08-27,emiller@yahoo.com,075-141-7652,Watkinsmouth,4,2023-09-01
484,Hannah,Lopez,2002-06-29,matthewmoore@gmail.com,867-226-2947x598,Jacquelinebury,4,2023-09-01
485,Matthew,Ochoa,2003-12-02,george29@stewart.net,770-857-5357x51683,Port Amy,2,2023-09-01
486,William,Butler,2003-06-07,gregorycarter@simon-browning.org,604.228.3658,Thomasfurt,4,2023-09-01
487,Arthur,Kennedy,1999-12-10,relliott@yahoo.com,+1-637-128-8099x9996,North Tiffany,2,2023-09-01
488,Michael,Gaines,2006-03-11,omarshall@hotmail.com,838-606-6973x1029,New Austinmouth,1,2023-09-01
489,Michael,Romero,2004-05-23,wesleyobrien@griffin-glover.com,(877)630-3639x5433,Heathershire,4,2023-09-01
490,Johnny,Flores,2004-11-02,sanchezfrank@bennett.net,+1-250-536-4595x1205,East Kristina,2,2023-09-01
491,Sarah,Cruz,2004-12-24,sonyajones@gmail.com,001-457-414-5600x196,South Jessicamouth,4,2023-09-01
492,Michaela,Hamilton,1999-07-31,amandawhite@holloway.com,+1-218-817-7895x981,Kylemouth,2,2023-09-01
493,Heather,Thompson,2004-07-10,fstewart@yahoo.com,(613)632-5626,Port Nicholas,1,2023-09-01
494,Michelle,Freeman,2004-09-25,caitlin81@gibbs.biz,760-351-4555,East Jessica,3,2023-09-01
495,Aimee,Mccormick,1999-12-20,gerald46@gmail.com,001.450.1991,West Shelleyberg,5,2023-09-01
496,Sherry,Clark,2002-11-23,myersstephanie@yahoo.com,0784840260,Carterborough,1,2023-09-01
497,Jacob,Wise,2006-04-14,nford@hotmail.com,+1-113-969-8389x344,Michaelfort,5,2023-09-01
498,Felicia,Edwards,2004-01-23,qmorgan@mckenzie-moss.com,001-407-532-4845x25838,New Johnnyfurt,4,2023-09-01
499,Jeremy,Johnson,2002-03-21,proctordonald@velasquez.com,(064)049-8409x27208,Doyleborough,2,2023-09-01
500,Alexandria,Rogers,2004-12-19,morgandavis@gmail.com,001-945-442-5310x545,North David,1,2023-09-01
501,Rachel,Harrell,2004-03-05,danielleaustin@harvey.com,858-445-6187x15849,Beckerport,5,2023-09-01
502,Debbie,Thompson,2006-03-18,perezamy@schmidt-grant.com,001-754-923-1130x4606,Robinside,4,2023-09-01
503,Cassandra,Perkins,2003-07-28,trevorwatkins@hotmail.com,(627)774-0103x473,Andrewburgh,5,2023-09-01
504,Rachel,Reynolds,2005-10-16,amy13@hotmail.com,+1-693-561-6474x46581,Hayesfort,1,2023-09-01
505,Angela,Thompson,2002-07-08,rebeccasmith@garcia-hawkins.com,(052)453-7063,South John,2,2023-09-01
506,Michelle,Herring,2003-01-23,omcdonald@hotmail.com,001-252-977-1466x84101,North David,3,2023-09-01
507,Kevin,Solomon,2000-02-11,brendaclark@brooks.org,702-709-8920,Dustinshire,3,2023-09-01
508,Brandi,Robinson,2004-08-15,thomasrobbins@gmail.com,(452)317-0702,South Deborahport,2,2023-09-01
509,Steven,Avila,2004-01-07,renee91@hotmail.com,+1-337-692-5875x05049,North Madisonshire,1,2023-09-01
510,Jacob,Koch,2000-12-29,melaniegraham@rodgers-harrison.net,332-696-6185,South Devon,2,2023-09-01
511,Lauren,Baker,2004-11-01,pamelavasquez@richmond.biz,(325)274-2486,Johnview,3,2023-09-01
512,Judy,Simpson,2003-10-26,pthompson@gmail.com,0417257277,North Chadborough,1,2023-09-01
513,Beverly,Ali,2000-09-01,kevinjohnson@gmail.com,+1-072-433-6194x6842,Brianborough,5,2023-09-01
514,Geoffrey,Conley,1999-11-20,jennifer84@gmail.com,6058346634,Randallburgh,4,2023-09-01
515,Nathan,Singh,1999-08-28,michelle35@yahoo.com,119.259.4396,West Maria,4,2023-09-01
516,Ryan,Kelley,2003-06-28,jessica03@mckee-trevino.com,(312)245-2673x30990,Brianton,4,2023-09-01
517,Matthew,Miller,2005-08-23,fosterpeter@sexton-chapman.com,+1-470-847-0961x2299,South Bethberg,3,2023-09-01
518,Isaac,Lane,2004-05-15,bensonjacob@fisher.org,001-950-241-3530,Port Shaunshire,5,2023-09-01
519,Steven,Davies,2003-08-30,dylanrichardson@johnston.com,1188624749,New Denisetown,5,2023-09-01
520,Jimmy,Payne,2001-10-09,john79@lloyd-ellis.net,129-818-5479x240,Jeffreyfurt,2,2023-09-01
521,Wendy,Jackson,2000-05-18,hoffmannathan@martinez.com,5279802848,Patriciaview,1,2023-09-01
522,Juan,Henry,2006-09-29,adamssherry@yahoo.com,(498)711-6837x741,Marialand,3,2023-09-01
523,Joseph,Foster,2002-09-24,wcalderon@hotmail.com,6430542425,Beverlyburgh,5,2023-09-01
524,Thomas,Huffman,2002-11-17,stephen92@gmail.com,001-563-449-7362x9056,West Christopherborough,5,2023-09-01
525,Yolanda,Henderson,2006-06-27,cjacobs@johnson-baker.com,0166083829,West Katelyn,4,2023-09-01
526,Curtis,Clark,2001-09-24,thomascharlotte@mcmillan.org,+1-775-829-2187x8431,Beckershire,1,2023-09-01
527,Leon,Parker,2005-11-13,jessica81@smith.org,+1-578-986-1962x57595,East William,2,2023-09-01
528,Brittany,Burgess,2006-10-11,garrettkimberly@walsh.com,765.578.2300x3871,Sullivanland,5,2023-09-01
529,Mary,Alvarez,2000-04-17,sdavis@cruz-beck.com,010.329.9229x4244,Port Christophermouth,1,2023-09-01
530,Ronald,Miller,2002-07-07,ashleysimon@hotmail.com,+1-584-509-1840x429,Ericksonmouth,3,2023-09-01
531,Michael,Webb,2001-08-02,cbennett@webb.org,+1-692-240-7145,North Johnview,4,2023-09-01
532,Robert,Brennan,2001-01-14,lori38@gmail.com,973-005-3644x97347,Port Nicole,2,2023-09-01
533,Thomas,Jackson,2003-02-22,colemanjoel@berry.com,001-438-050-3894x100,Stacymouth,4,2023-09-01
534,Allison,Nelson,2002-08-15,barbaraallen@rojas.com,3239663899,Bakerland,3,2023-09-01
535,Amy,Chase,2002-12-21,murillowhitney@smith.com,579.693.1962,Lake Richardton,1,2023-09-01
536,Catherine,Jimenez,1999-11-20,coopercarla@hotmail.com,100.983.1192,Ashleystad,4,2023-09-01
537,Alex,Lee,2004-02-25,rcurtis@hotmail.com,001-348-935-7833x810,East Melissa,5,2023-09-01
538,Sydney,Mckay,2000-03-28,peter43@johns.info,0485935273,New Mitchellfort,2,2023-09-01
539,Darius,Walter,2000-04-26,brenda63@hotmail.com,001-048-703-7288x354,New Abigail,5,2023-09-01
540,James,Flores,2006-05-10,robinhall@shannon.net,223.725.3566x450,Port Timothy,4,2023-09-01
541,Linda,Rodriguez,2002-04-02,copelandjoshua@gmail.com,+1-305-387-4375x5860,Coreytown,2,2023-09-01
542,Andrea,Russell,2006-01-17,vgibbs@johnston.com,(749)206-1318x1695,Joannaburgh,5,2023-09-01
543,Jonathan,Graham,2002-08-27,jamiewilliams@gmail.com,5315770228,Wilsonborough,1,2023-09-01
544,Jennifer,Perry,2005-07-21,lisa48@le-ramirez.com,001-569-811-0619x9281,Diazshire,1,2023-09-01
545,Sarah,Rogers,2000-03-25,ryancarol@reed.biz,+1-762-569-5725x0781,New Malloryshire,4,2023-09-01
546,Michael,Schultz,2000-05-06,smithmichael@crosby.com,+1-206-250-9357,Cunninghamport,2,2023-09-01
547,Heather,Moore,2000-03-19,tspencer@walls.org,+1-456-540-7999x822,Jeffreybury,2,2023-09-01
548,Patrick,Palmer,2005-09-07,dgeorge@gmail.com,761-742-2816,Whitebury,5,2023-09-01
549,George,Robinson,2000-01-02,ngardner@yahoo.com,(019)364-2692x824,New Josephland,5,2023-09-01
550,Karen,Cordova,2005-01-22,jordandaniel@martin.com,+1-545-196-8627x39957,Downsfort,4,2023-09-01
551,Shane,Anderson,2004-05-07,bgaines@howell.net,372.387.1231x4532,Bellshire,5,2023-09-01
552,Brandon,Jones,2006-05-12,garymayo@gmail.com,802.409.7946x69936,New Michael,3,2023-09-01
553,Angelica,Richardson,2003-07-03,xbaker@yahoo.com,(829)081-2432x801,New Miranda,1,2023-09-01
554,Samantha,Manning,2006-05-20,johnsonmichelle@gmail.com,910-733-0887,Brownshire,3,2023-09-01
555,Leslie,Hernandez,2000-11-08,nphillips@wells.com,225.902.6051x610,South Dylanchester,4,2023-09-01
556,David,Harvey,2003-09-22,wrodriguez@hotmail.com,492.593.2947x9093,East Amy,4,2023-09-01
557,Monica,Campbell,2005-07-12,johnsmith@yahoo.com,650-375-2023x36149,West Michaelview,1,2023-09-01
558,Mary,Vaughn,2004-12-04,tracy59@yahoo.com,973-738-0551,Maystad,5,2023-09-01
559,Rachel,Clarke,2000-06-30,brownderek@yahoo.com,(053)369-4148x5688,South Susan,2,2023-09-01
560,Andrew,Briggs,2003-04-02,uromero@hotmail.com,+1-598-767-4145x72436,East Jared,4,2023-09-01
561,Jonathan,Kelley,2005-10-27,fieldsalexis@hicks.com,979-167-7728,West Stuart,4,2023-09-01
562,Michelle,Watson,2003-06-26,sharris@gmail.com,(987)767-6516,West Paula,3,2023-09-01
563,Omar,Allen,2004-03-04,johnsonanthony@benitez.com,729.023.3043,North Rachel,2,2023-09-01
564,Virginia,Lyons,2004-01-24,xgordon@gmail.com,656-870-0100,Knightview,3,2023-09-01
565,Jennifer,Erickson,2004-08-12,qrubio@kennedy.com,0732577507,New Robertstad,1,2023-09-01
566,Destiny,Hicks,2005-03-16,zwalton@kelly-murray.org,425-969-7351,Chavezport,3,2023-09-01
567,Ryan,Jackson,1999-09-11,elliottangela@grimes.org,001-076-195-3246x73356,South David,5,2023-09-01
568,Michele,Miller,2006-04-07,prattchad@bennett.info,989.651.0813,South Shawnhaven,4,2023-09-01
569,Michael,Martinez,2001-08-24,richard11@morrison.biz,196.842.1063x47154,Brownmouth,3,2023-09-01
570,Brent,Taylor,2004-04-09,mark20@dominguez-lopez.com,001-796-095-8862x401,Jasonland,1,2023-09-01
571,Brian,Nelson,2001-10-11,austinmiller@hotmail.com,001-866-923-6168x983,Lake Belinda,3,2023-09-01
572,Jacob,Woodward,2001-11-19,mooneypatrick@park.com,+1-456-777-4525x04979,Davismouth,4,2023-09-01
573,John,Thomas,1999-10-11,rjackson@gmail.com,509.749.3093x7341,Schroederville,5,2023-09-01
574,Theresa,Grant,1999-08-13,fletcherkatherine@yahoo.com,384.153.7456x084,Christopherside,1,2023-09-01
575,Brenda,Williams,2005-11-25,blackwellalison@yahoo.com,001-607-687-7731x2037,West Kristen,1,2023-09-01
576,Jennifer,Jones,2003-10-02,contrerasedwin@gmail.com,871-299-5684,New Christopherchester,3,2023-09-01
577,Kenneth,Bishop,2006-04-10,qrobinson@hotmail.com,5280896550,New Johnfort,3,2023-09-01
578,Lisa,Woods,2006-05-16,xtanner@hotmail.com,(220)461-8008,North Jessica,1,2023-09-01
579,Michelle,Green,2003-05-01,xrodriguez@yahoo.com,+1-224-117-4324x281,South Michael,4,2023-09-01
580,Eric,Grimes,2002-07-28,michellebrown@dominguez.com,+1-309-369-1502x8139,New Jennifer,4,2023-09-01
581,Nicholas,Hernandez,2003-03-01,glarson@hotmail.com,382-137-0084x451,New Derrickchester,1,2023-09-01
582,Jonathan,Moore,2006-03-27,martinezjenny@johnson.biz,1517856179,West Michelle,3,2023-09-01
583,Elizabeth,Oliver,2003-07-19,leeelijah@yahoo.com,(688)102-3056,East Katherinetown,2,2023-09-01
584,Matthew,Miranda,2000-09-05,hhiggins@hotmail.com,1862507946,Smithton,5,2023-09-01
585,Laura,Salazar,2000-03-26,cohenelizabeth@clements.com,+1-796-501-3524x784,South Kathleen,1,2023-09-01
586,Gabriel,Lucas,2003-04-09,dbutler@hotmail.com,176-367-1032x023,Henrymouth,5,2023-09-01
587,Sheila,King,2006-06-16,mgarcia@brown.com,844.689.6715,East Devinburgh,2,2023-09-01
588,Taylor,Vargas,2001-02-14,michelle54@yahoo.com,647-023-3940x7800,South Joseph,4,2023-09-01
589,Theresa,Nelson,2001-08-14,jeremywells@yahoo.com,001-597-218-1180,Harrischester,3,2023-09-01
590,Scott,Thomas,2004-02-23,jerry35@fischer-hill.info,(536)062-6486x09832,Castanedatown,1,2023-09-01
591,Kathleen,Bush,2006-01-12,charlesmichael@fernandez.info,001-197-671-5813x6201,Rachelburgh,4,2023-09-01
592,Debra,Bowen,2000-11-30,marie95@gaines-ellis.com,(300)026-7653x2857,Jacksonport,1,2023-09-01
593,Danielle,Martinez,2004-05-25,wilsonbarry@conrad.com,773-187-7138,South Elizabethburgh,5,2023-09-01
594,Nathan,Humphrey,2005-12-18,shannon12@scott.com,881-623-5303x51768,Washingtonton,2,2023-09-01
595,Donna,Edwards,2006-07-16,sethellis@rodriguez.com,001-564-833-6866x6312,Bonniechester,2,2023-09-01
596,Paul,Moore,2003-04-14,ugillespie@morton.com,064.698.9117x83995,Victoriaburgh,4,2023-09-01
597,Crystal,Clay,2000-04-28,zhodges@davis.biz,(501)568-4086x14815,New Jennifer,1,2023-09-01
598,Stephen,Vaughn,2005-04-01,lisamitchell@fisher.com,001-705-194-8811x68751,East Christophershire,4,2023-09-01
599,Justin,Mcgrath,1999-02-12,martinezjanice@cunningham-brown.com,+1-627-911-0315x02874,South Saraland,3,2023-09-01
600,Danielle,Gonzalez,2004-05-28,wellsmarilyn@ward.com,126.943.3271x99386,North Lisahaven,3,2023-09-01
601,Jessica,Sanchez,2000-08-04,nicole39@long-peterson.org,001-379-655-3927x13467,Wilsonmouth,4,2023-09-01
602,Lisa,Phillips,2000-01-11,jameslester@johnson.com,001-710-430-9368x80321,Port Daniel,5,2023-09-01
603,Angela,Banks,2005-06-26,stacy43@patel.com,1795382528,Lake Dylan,2,2023-09-01
604,Ethan,White,2003-08-25,mcguirejesse@hotmail.com,001-403-012-5624x96202,Joshuastad,3,2023-09-01
605,James,Russell,2001-01-19,charlesbeck@miller.org,001-666-487-2500x6344,Jamesmouth,4,2023-09-01
606,Christopher,Mccall,2006-07-21,tellison@pineda.com,433.167.5526,Clarkview,2,2023-09-01
607,Elizabeth,Bridges,2001-06-09,holly32@yahoo.com,827-171-8907x6884,East Sabrinachester,4,2023-09-01
608,Connie,Cooper,2001-09-06,sriley@yahoo.com,+1-302-483-5503x386,Meganberg,2,2023-09-01
609,Larry,Bailey,2002-11-25,nicholas99@douglas-smith.com,001-417-583-2256x3835,West Jenniferfurt,3,2023-09-01
610,Daniel,Simpson,2004-09-09,katherine69@yahoo.com,834.182.7421,West Belindaborough,1,2023-09-01
611,William,Herrera,2005-04-06,hudsonkathryn@yahoo.com,001-641-393-2718x2990,Christinaside,1,2023-09-01
612,Jose,Ramirez,2001-01-12,donaldrose@hotmail.com,733-165-7021x78574,Baileyfurt,4,2023-09-01
613,Rachael,Mills,2006-02-13,umoore@wagner.biz,806.341.5506x632,Port Joshuaton,4,2023-09-01
614,Donald,French,1999-03-05,ugonzalez@gmail.com,755.953.7446,Hodgestown,4,2023-09-01
615,Bruce,Shaw,2001-08-28,drandall@wagner-adams.biz,793-599-9530x62092,Nelsonshire,4,2023-09-01
616,Kimberly,Lewis,2006-02-03,elliottcheyenne@hernandez.com,+1-679-374-7542x3996,Bethburgh,2,2023-09-01
617,Victoria,Anderson,2006-11-22,hallmargaret@mitchell-miller.com,+1-612-181-8323x160,East Zacharystad,4,2023-09-01
618,Alexandra,Anderson,2004-04-09,stephencain@yahoo.com,(520)716-0179,North Michele,2,2023-09-01
619,Michael,Bates,2006-06-23,briana42@clay-horton.biz,063.099.7057x68859,Lake Davidhaven,5,2023-09-01
620,James,Moore,2004-10-04,laurenjarvis@martinez.com,757.055.5854,South Ann,1,2023-09-01
621,Carl,Hansen,2000-03-30,estesmichael@rhodes-wells.info,001-797-168-3075x504,North Brianfort,2,2023-09-01
622,Joseph,Moore,2003-11-18,kennethgonzales@yahoo.com,139-296-1616,Amymouth,4,2023-09-01
623,Nicole,Sanchez,2006-12-02,smithmary@yahoo.com,338-175-6411,Huntstad,4,2023-09-01
624,Teresa,Smith,2000-05-27,mathewselizabeth@yahoo.com,186.771.0758,West Julieborough,2,2023-09-01
625,Charles,Jones,2006-04-15,henrykevin@yahoo.com,808.785.5250,Mariotown,2,2023-09-01
626,Rebecca,Humphrey,2000-08-27,tfuentes@yahoo.com,327.947.6466,Kochmouth,3,2023-09-01
627,Jermaine,Guerra,2001-11-25,steven39@harmon-ross.net,465.567.2487,North John,1,2023-09-01
628,Brent,Perez,2005-04-01,bsimmons@hale.info,619.658.8515,Amyport,4,2023-09-01
629,Joshua,Dudley,2002-02-04,laurasavage@chang.info,214.158.1716x26896,Lisaport,2,2023-09-01
630,Gary,Pena,2000-05-11,salinasheidi@potter.com,001-210-694-5888x33817,Carolborough,4,2023-09-01
631,Jerry,Moore,2006-09-26,taylormiller@flores.info,967-049-3619x9306,Port Kenneth,5,2023-09-01
632,Bruce,Torres,2003-10-09,christina53@yahoo.com,746-350-3151x547,New Randyburgh,3,2023-09-01
633,Lindsay,Henson,2000-03-17,jason98@yahoo.com,983.857.2841,New Erika,1,2023-09-01
634,Michael,Dalton,2005-05-18,lorrainewillis@yahoo.com,001-030-183-7241x1542,Dylanmouth,5,2023-09-01
635,Carl,Cunningham,2006-02-09,dominguezkimberly@jackson-castro.com,+1-104-723-6076x549,Bushville,5,2023-09-01
636,Elizabeth,Berger,2001-05-15,rherman@yahoo.com,001-541-824-4314,Lisaburgh,4,2023-09-01
637,Morgan,Harmon,2004-04-29,marybaldwin@gmail.com,(914)985-2636,New Michaela,3,2023-09-01
638,Regina,Lee,1998-12-30,smartin@gmail.com,001-793-292-1580x728,New Debraland,5,2023-09-01
639,Geoffrey,Haley,2000-07-19,barbaragonzalez@thompson-larson.com,(571)004-9642x749,East Samantha,3,2023-09-01
640,Bradley,Mccann,2002-05-18,marywoods@gibbs.com,665-756-7919x61933,Brentside,3,2023-09-01
641,Christopher,Barker,2006-02-19,davidhenry@yahoo.com,001-723-508-8394x112,West Brandonshire,1,2023-09-01
642,Alex,Martin,2005-08-19,christopherleon@wright.com,567.600.5988,Johnland,1,2023-09-01
643,Jennifer,Lam,2003-11-09,kathrynrobinson@shepherd-jackson.com,+1-755-981-0700x371,Reynoldsport,4,2023-09-01
644,Matthew,Lee,2006-07-20,christopherscott@gilmore.com,(604)922-8970x816,North Christinafurt,5,2023-09-01
645,Adam,Mathews,2004-06-17,stanleygina@hotmail.com,+1-947-932-8103,Danielmouth,1,2023-09-01
646,Robert,Johnson,2001-01-15,diane81@gmail.com,211.723.9292x026,Michelleview,1,2023-09-01
647,Martha,Luna,2001-10-18,stacey10@blair-best.org,+1-490-990-4545x03667,New Carriestad,2,2023-09-01
648,Dale,Hernandez,2003-05-07,allenthomas@gmail.com,+1-053-050-4947x8335,Waltersside,3,2023-09-01
649,Andrew,Nguyen,2000-06-18,danielle04@hotmail.com,159.644.2158x882,Lake Edwardbury,1,2023-09-01
650,Victoria,Vaughn,2006-11-29,sophiawatson@jones-parrish.info,139.018.5983,Lopezbury,1,2023-09-01
651,Chad,Wood,2001-10-06,jonathonserrano@rodriguez-burns.com,563.017.2824,Danielchester,2,2023-09-01
652,Melissa,Gonzales,2006-10-06,danielsjessica@yahoo.com,(293)453-3251x67562,Robertburgh,3,2023-09-01
653,Jennifer,Adams,1999-01-17,mike48@yahoo.com,780.309.5302x872,Watsonberg,1,2023-09-01
654,Terri,Cook,2001-06-15,robert95@hotmail.com,502.537.8075x4613,Port Nathaniel,5,2023-09-01
655,Matthew,Gordon,2003-04-08,michaelreilly@carney.com,364.833.5759,North Lauren,2,2023-09-01
656,Billy,Thomas,2005-03-12,sherry89@yahoo.com,7402912421,Greentown,4,2023-09-01
657,Justin,Singleton,2001-03-27,benjamin64@nunez-zimmerman.biz,726-809-7965x689,Donnaland,4,2023-09-01
658,Christine,Harrell,2005-11-26,ihall@hotmail.com,001-123-061-3969x25609,Millermouth,3,2023-09-01
659,Stephanie,Campbell,2002-09-14,wellsnicole@austin-austin.com,494-977-3513x0989,Leonhaven,2,2023-09-01
660,Vanessa,Johnson,2003-09-19,lglover@gmail.com,001-596-247-5333,Buckleyview,1,2023-09-01
661,Stephanie,Edwards,2003-12-25,flopez@mitchell.com,(934)783-4912x3149,South Alexis,1,2023-09-01
662,Stephen,Brown,1999-07-12,jonathan07@gmail.com,+1-458-689-3297x3125,Crystalshire,4,2023-09-01
663,Yvonne,Howard,2005-06-04,judith33@hotmail.com,(277)852-9681x5350,Rodriguezport,5,2023-09-01
664,Michael,Castillo,1999-06-14,gonzalezfrederick@hotmail.com,155-863-1578,Johnview,4,2023-09-01
665,Nathan,Larson,1999-12-16,tadkins@bonilla.org,+1-426-497-4385x401,Port Anthony,4,2023-09-01
666,Jennifer,Munoz,2000-05-19,hdrake@hotmail.com,758-315-9848x2166,Lake Anthonybury,4,2023-09-01
667,Edwin,Hart,2005-03-14,michael43@figueroa.com,383-115-2671x52945,Priceview,1,2023-09-01
668,Kevin,Parker,2005-03-31,jessicameyers@gmail.com,001-125-915-1779,Kennethberg,4,2023-09-01
669,Brian,Hernandez,2004-08-29,petersencatherine@hogan-watson.com,368.371.0885,Royshire,1,2023-09-01
670,Sarah,Yoder,2005-06-15,bwilliams@gmail.com,847-031-0370,North Daniel,2,2023-09-01
671,Lori,Mccarthy,2003-03-24,lisasmith@padilla-nelson.biz,727-202-9009,West Erin,5,2023-09-01
672,Rebecca,Nash,2004-02-18,russellbarnes@gmail.com,(639)999-2329,Monicastad,1,2023-09-01
673,Elizabeth,Bauer,2001-01-01,asmith@gmail.com,3863605396,Port Sharonstad,3,2023-09-01
674,David,Wilson,2001-01-26,xstewart@robinson.com,652.795.5306x40667,Brendaberg,3,2023-09-01
675,Charles,Castillo,2003-04-10,glee@castillo.com,+1-073-423-5602,New Danielville,4,2023-09-01
676,Daniel,Morgan,2003-03-28,tnorman@miller-henderson.com,556-388-5897x27387,South Catherine,1,2023-09-01
677,Vanessa,Gillespie,2003-07-06,suzannezavala@hotmail.com,192.491.3030,South Adrianside,5,2023-09-01
678,Ryan,Bullock,2005-06-28,ccollins@yahoo.com,024-896-3108,East Cindy,5,2023-09-01
679,Erica,Alexander,2000-10-24,josephklein@edwards-taylor.com,+1-039-288-4292,Scottburgh,2,2023-09-01
680,Ronald,Dixon,2000-08-18,riceyesenia@gordon-leach.com,001-515-280-6737x12304,Toddberg,2,2023-09-01
681,April,Gallagher,2001-01-26,linda80@hotmail.com,001-453-170-0968x8887,Heidiville,2,2023-09-01
682,Mariah,Bolton,2000-09-20,jose18@lee-braun.com,739-827-5053x210,West Pennyburgh,3,2023-09-01
683,Keith,Stokes,2001-09-29,robertschristina@hotmail.com,600-605-7581x854,South Anthony,1,2023-09-01
684,Michael,Thomas,2005-06-24,michael82@bailey-perry.com,518-792-9654,Amandamouth,3,2023-09-01
685,Robert,Massey,2003-01-07,wknapp@yahoo.com,414.372.3557,New Nathan,4,2023-09-01
686,Sherry,Martin,2002-07-05,campbellelizabeth@hotmail.com,261-539-6058x87594,Lake Heatherview,3,2023-09-01
687,Caitlin,Garcia,2001-10-23,justin31@hotmail.com,001-679-534-9454x138,West Colleenhaven,5,2023-09-01
688,Kevin,Weaver,2006-12-01,vsims@hotmail.com,001-065-555-3293x8729,Abigailmouth,4,2023-09-01
689,Lynn,Mcclain,2000-04-16,qhenderson@hotmail.com,222.425.7230,South Haley,1,2023-09-01
690,Tracey,Larson,2006-07-12,cartercody@yahoo.com,001-528-879-7175x911,New Alexanderhaven,1,2023-09-01
691,Jessica,Chavez,2006-02-04,marywilliams@yahoo.com,972-359-4248,Port Dana,5,2023-09-01
692,Laura,Jimenez,2004-09-20,teresagarcia@yahoo.com,1576532513,West Emilyland,4,2023-09-01
693,Jeffrey,Kaufman,2005-04-01,jimenezjose@hotmail.com,395.517.8949,North Danielmouth,1,2023-09-01
694,Hayley,Bradshaw,2004-04-17,stanleydanielle@hotmail.com,078.087.1224x688,Peckbury,1,2023-09-01
695,Susan,Green,2004-06-28,stevenspencer@hotmail.com,001-840-045-7781x02373,North Seanville,3,2023-09-01
696,Stacey,Huang,1999-07-26,ruthprice@hardy.biz,(568)944-6455x812,West Brentville,5,2023-09-01
697,Jason,Sanchez,2006-08-31,rodgersthomas@yahoo.com,+1-219-822-3568x488,New Rebeccastad,1,2023-09-01
698,Clarence,Rose,2006-01-22,douglasmay@yahoo.com,6009549411,West Denisefort,1,2023-09-01
699,James,Vazquez,1999-10-19,ybishop@gmail.com,+1-315-844-7156x75231,New Linda,5,2023-09-01
700,David,Hood,2005-09-24,mhenderson@fox-hall.org,281-863-2673x52782,East Tammy,4,2023-09-01
701,Janet,Thompson,2003-02-20,timothy64@frost.com,155.118.6442x27783,Lake Kevin,2,2023-09-01
702,Julie,Morse,1999-07-17,carlthomas@jones-thompson.com,+1-961-300-4227x5563,Melindachester,5,2023-09-01
703,Tommy,Johnson,2004-03-08,michele06@jackson.com,001-821-815-2604,Nicholasville,4,2023-09-01
704,Eddie,Stevens,2002-06-30,jessicagonzalez@gmail.com,(084)682-8489,Greenbury,2,2023-09-01
705,Debbie,Hale,2000-03-31,xwhite@thompson.com,(849)288-2077,Gibsonton,2,2023-09-01
706,Grant,Hernandez,1999-12-24,hannah76@yahoo.com,+1-172-556-3575x08496,Farmerhaven,1,2023-09-01
707,Julia,Brown,2001-12-02,amanda14@gregory.net,001-543-977-5259x11733,Port Hollychester,4,2023-09-01
708,Michael,Hansen,2002-03-07,igregory@austin-edwards.info,(813)732-4184,Port Nicole,1,2023-09-01
709,Nicole,Simmons,2006-09-14,marybaker@rhodes.biz,153.269.5761x81964,Michaelside,2,2023-09-01
710,Elizabeth,Bradley,2002-12-08,ihouston@hotmail.com,+1-650-847-6770,Jacobton,2,2023-09-01
711,Fernando,Robertson,2005-05-25,kbenson@hotmail.com,0665483065,West Richard,5,2023-09-01
712,Tina,Berry,2003-04-25,diana40@yahoo.com,214-419-7623x7454,Kellerport,3,2023-09-01
713,Jason,Flowers,2001-11-30,jimmyowens@gmail.com,892-395-5807x80975,West Lisa,4,2023-09-01
714,Ariel,Aguirre,2000-12-04,boothstephanie@scott.com,162-759-3258x310,Douglasmouth,3,2023-09-01
715,Amanda,Hernandez,2000-01-18,chiggins@combs.net,(538)249-8744x475,Michaelport,5,2023-09-01
716,Edward,Bowman,2000-06-02,masoncoleman@cunningham-guerrero.com,+1-960-609-2598x2902,Lisahaven,1,2023-09-01
717,Monica,Mcdaniel,2001-09-26,travisanthony@keith-floyd.info,1817184066,Leehaven,3,2023-09-01
718,Karen,Long,2000-07-10,gomezrobert@diaz.com,(681)175-3892x7861,North Michellefurt,2,2023-09-01
719,Erica,Smith,2000-08-23,johnturner@yahoo.com,(852)032-9610,South Leonard,5,2023-09-01
720,Anthony,Gomez,2003-03-17,bernarderica@yahoo.com,338.466.5912x0521,Cynthiahaven,3,2023-09-01
721,Penny,Skinner,1999-07-02,davidsanford@hotmail.com,+1-932-745-9489x7157,Port Ashley,5,2023-09-01
722,Clayton,Robertson,2000-03-26,pfoley@meadows.com,(067)548-2499,Jonesshire,4,2023-09-01
723,Tracy,Smith,2005-09-04,pgonzalez@shaw-hunt.com,(509)208-2456x0321,Lake Kyleland,3,2023-09-01
724,Valerie,Martinez,2000-01-09,ndominguez@weeks.com,448.263.0728x520,Danielstad,4,2023-09-01
725,Stacy,Perez,2003-05-18,gloriajacobson@garcia-johnson.com,001-861-867-1868x86914,South Dianebury,4,2023-09-01
726,Mary,Mcintosh,2006-05-08,oconnorjoseph@hotmail.com,1502514402,Rileyville,2,2023-09-01
727,Veronica,Hull,1999-02-18,kayla24@hill.info,5605133124,Port Steven,2,2023-09-01
728,Carla,Smith,2005-08-14,johnnygarner@haas-manning.com,864-655-2410x593,Michaelport,5,2023-09-01
729,Brian,Chan,2006-11-18,kimberly66@gmail.com,5309471201,West Roberto,3,2023-09-01
730,Bethany,Cole,2006-06-18,quinnanita@beck.com,099.446.9343x18378,Lopezmouth,2,2023-09-01
731,Veronica,Jackson,2001-09-15,vanessaking@yahoo.com,542-237-2514,Carterfurt,1,2023-09-01
732,Joshua,Evans,2004-07-15,yalvarez@trujillo.net,+1-805-021-9670,West Chad,4,2023-09-01
733,Justin,Moon,2003-07-25,mercermatthew@brown-floyd.com,8798647303,South Kristymouth,2,2023-09-01
734,Briana,Leblanc,2000-04-01,debbie63@davis.com,(209)598-8027,Sarahshire,5,2023-09-01
735,Cynthia,Rios,2006-03-04,julia47@hotmail.com,(992)313-4966x445,West Gary,1,2023-09-01
736,Robert,Cummings,1999-08-01,lguerrero@yahoo.com,6745092597,Thomasmouth,1,2023-09-01
737,Jordan,Robles,2004-04-15,ellenmelton@potter-davis.com,503.927.1814x946,South Sandramouth,4,2023-09-01
738,Eric,Cross,2003-07-17,dunnjessica@gmail.com,191.089.0917,Grahamstad,2,2023-09-01
739,Olivia,Beck,2001-09-14,therrera@richardson.com,001-558-168-0365x839,Port Michelle,2,2023-09-01
740,Martin,Medina,2006-03-05,marknelson@gregory-curtis.com,(308)648-5830,Ashleystad,5,2023-09-01
741,Aaron,Castro,2005-06-20,cynthia09@gmail.com,321-634-8341x48298,West Samuel,5,2023-09-01
742,Sonya,Barrett,2004-09-25,joanne85@carlson.org,(818)536-3404x599,North Aprilberg,3,2023-09-01
743,John,Bailey,2004-09-13,gabrielle36@hale.org,457.658.0098x696,Davisshire,2,2023-09-01
744,Karina,Miller,2005-08-17,zquinn@brown-duke.com,641.874.7359x5465,Christopherville,3,2023-09-01
745,Clayton,Archer,1999-05-13,nicholasgonzalez@yahoo.com,001-580-677-0532,Priceport,1,2023-09-01
746,Meredith,Bates,2006-10-30,jamieenglish@yahoo.com,(270)474-8899x51212,West Andrewtown,5,2023-09-01
747,Amber,Diaz,2002-06-02,yandrews@yahoo.com,593.941.1728x470,New Josephview,5,2023-09-01
748,Christine,Rose,2001-08-25,anitaarmstrong@hotmail.com,001-428-577-8143x0233,Port Joshuastad,4,2023-09-01
749,Gabriel,Foster,2006-09-08,jordanashley@lam.org,001-260-804-3335x352,Kennethport,2,2023-09-01
750,Elizabeth,Walters,2001-12-24,pamela76@knox.com,(556)978-6819x79197,North Stephaniestad,1,2023-09-01
751,Judy,Adams,2006-06-24,tammy77@king-fox.com,+1-712-496-2849x197,Jenniferborough,3,2023-09-01
752,Thomas,Perez,2000-04-07,barrettmadison@hotmail.com,001-598-358-5780x67770,East William,5,2023-09-01
753,Jill,Gallagher,2001-12-26,patrick47@yahoo.com,(877)024-9330,East Davidview,4,2023-09-01
754,Timothy,Hansen,2000-03-02,davidjacobs@yahoo.com,017.254.4565x4889,Lake Michael,3,2023-09-01
755,Martin,Griffin,2001-03-15,brownmegan@davila-valentine.com,039-171-2531x5284,West Susan,2,2023-09-01
756,Anthony,Brown,2006-01-15,uoliver@yahoo.com,001-546-516-6674x7475,New Stephanieside,2,2023-09-01
757,Cody,Miller,1999-07-03,linda55@aguirre.net,001-305-279-6267x5984,South Danatown,1,2023-09-01
758,Evan,Peterson,2001-09-22,carlos77@davis.com,+1-573-107-4863x718,Williammouth,4,2023-09-01
759,Jeffrey,Collins,2001-03-11,amy11@long.com,749.994.8173,North Chadhaven,2,2023-09-01
760,Stephen,Gordon,2003-08-28,davishannah@yahoo.com,001-932-569-7228x9638,North Matthew,5,2023-09-01
761,Tina,Moore,2004-09-29,williamwilliams@herring.com,(332)517-2353,Lake Lisa,4,2023-09-01
762,Melinda,Torres,2001-01-03,delgadokristin@gmail.com,001-579-870-9817,Port Patriciamouth,1,2023-09-01
763,Kimberly,Watts,2006-08-11,kristin34@foster.com,(981)597-0909x913,Calvinshire,4,2023-09-01
764,Jacob,Perkins,1999-10-23,rhensley@hotmail.com,647-921-2553,Cooperland,2,2023-09-01
765,Tyler,Ramsey,2004-07-03,williamsevan@hotmail.com,685-941-4173x47940,Walkermouth,4,2023-09-01
766,Rachael,Hartman,2002-01-09,jacqueline75@yahoo.com,736-623-2081,Port Tiffanyton,4,2023-09-01
767,Sonya,Hayes,2004-11-13,michaellawson@hotmail.com,708.522.1089x8939,New Dominique,2,2023-09-01
768,Judy,Underwood,2005-11-26,lhubbard@gmail.com,6085929507,Lake Daltonchester,5,2023-09-01
769,Daniel,Foley,2004-12-07,cheryl50@howard-nelson.org,001-832-307-5536x215,East Mark,5,2023-09-01
770,Jessica,Marshall,2004-10-24,mark41@gmail.com,+1-913-513-2497x76145,West Andrew,3,2023-09-01
771,Brandi,Villa,1999-03-09,johnpeters@yahoo.com,7212962394,Brandiburgh,5,2023-09-01
772,William,Oliver,2001-12-09,craigmatthew@shaw.net,845.529.0851x3420,Catherinestad,4,2023-09-01
773,Stacey,Bryant,2006-05-13,calvin69@whitaker.com,+1-369-914-7972x14615,Watkinshaven,5,2023-09-01
774,Sabrina,Ferguson,2001-06-18,kennethbrown@glover-garza.org,+1-694-185-1360x4730,Dianebury,5,2023-09-01
775,Robin,Robinson,2005-01-09,barbara95@castro.info,316.758.0972x0658,South Gina,1,2023-09-01
776,Laura,Evans,2004-01-18,portermaureen@yahoo.com,844.224.3664x5200,Lake Tiffanyview,4,2023-09-01
777,Natasha,Newman,1999-08-16,kimberly47@gmail.com,371-344-0658,Port Laurenmouth,3,2023-09-01
778,Alice,Smith,2005-10-26,danielsilva@williams.com,+1-290-777-1940x935,East James,4,2023-09-01
779,Eric,Spencer,2003-04-01,diazandrew@gmail.com,+1-407-470-2966x41643,Lake Michaelshire,2,2023-09-01
780,Matthew,Moore,2003-08-18,brianabaker@johnson-horton.info,3668434697,Justinland,2,2023-09-01
781,Ann,White,1999-07-14,isuarez@lozano.com,001-530-444-8490x6554,Lake Jamesbury,5,2023-09-01
782,Christina,Hernandez,2001-10-16,vanessa41@hotmail.com,977-224-0834x4474,Jaybury,3,2023-09-01
783,Jason,Mccormick,2000-12-20,kmarshall@gmail.com,(677)561-5122x38223,Woodsfurt,4,2023-09-01
784,Gregory,Dodson,1999-09-20,andreaharris@yahoo.com,(744)416-0536,Teresaside,1,2023-09-01
785,Ann,Dean,2001-02-09,maureengonzalez@hotmail.com,(904)297-5365x014,Smithstad,5,2023-09-01
786,Emily,Garcia,2002-08-20,pattersonmichelle@gmail.com,060-089-6458,Boylefort,2,2023-09-01
787,Justin,Colon,2000-01-05,kelly27@hotmail.com,(588)879-0107x14451,Lake Erinton,5,2023-09-01
788,Darrell,Parks,2002-05-24,richardsonanthony@hotmail.com,(928)285-0286x4278,Port Sandraton,4,2023-09-01
789,Carlos,Chang,2002-01-21,kwood@yahoo.com,+1-712-825-2470x97547,Port Michelleside,3,2023-09-01
790,Stacey,Mcdonald,2000-08-24,samuel17@yahoo.com,001-867-584-5833,Lake Samuel,2,2023-09-01
791,Sarah,Watkins,2005-09-15,ellisdarlene@yahoo.com,(818)854-7744x8434,Port Lauren,5,2023-09-01
792,William,Taylor,2001-04-05,williamramos@turner-cunningham.com,362.935.9618,New Christinehaven,2,2023-09-01
793,Heather,Drake,2001-11-25,christopher17@herrera-green.com,521-106-3438x726,Lake David,4,2023-09-01
794,Thomas,Anderson,2003-09-30,john21@gmail.com,843-458-3256,Yorkchester,4,2023-09-01
795,James,Marsh,2002-10-13,jasminecameron@gmail.com,(848)059-4342x2262,North Angela,4,2023-09-01
796,James,Kelly,2001-07-15,sara29@young.com,+1-288-122-6412x0417,East Tyronechester,2,2023-09-01
797,Tiffany,Collins,2004-05-15,cassandra19@marks.com,001-155-820-4887x9632,South Judithborough,2,2023-09-01
798,Chase,Wilcox,2006-01-09,dennis35@butler-roberts.biz,(128)257-2287,Sheilafort,1,2023-09-01
799,Justin,Mason,2005-02-11,william98@davis.com,856.973.0307x1050,West Jeremy,2,2023-09-01
800,Jeffery,Scott,2002-10-15,alexander03@smith.com,001-219-823-5021,Garyview,2,2023-09-01
801,John,Smith,1999-06-19,staceywest@hawkins.com,812-754-5149x76962,Bernardstad,3,2023-09-01
802,Lance,Meyer,2004-07-14,jtownsend@schwartz-wade.org,400.302.1904x499,Carpentermouth,2,2023-09-01
803,Michael,Ford,2001-03-22,phillip63@spencer.com,501.566.7468,Martinmouth,3,2023-09-01
804,Stacey,Long,2003-11-22,wrightjennifer@gonzales.com,824-196-7776,North Matthew,4,2023-09-01
805,Janice,Mendez,2005-03-09,upierce@hotmail.com,3974372188,Christinaberg,2,2023-09-01
806,Desiree,Rhodes,2000-10-09,uwalker@rogers-hubbard.net,2177885582,West Paul,1,2023-09-01
807,Monica,Harris,2002-07-31,carrillotonya@davis.com,5430237793,North Cristina,3,2023-09-01
808,Ryan,Santos,2006-03-03,wcannon@hotmail.com,(746)036-4579x505,Vargaschester,3,2023-09-01
809,Barbara,Smith,2003-11-14,kbarber@yahoo.com,(927)462-0753,Lake Tammyport,3,2023-09-01
810,Douglas,Thomas,1999-09-28,alyssa79@moses-freeman.biz,(809)860-8590x96091,East Leroymouth,5,2023-09-01
811,Rebecca,Perry,2000-11-08,justinbrown@larson.net,8693369829,Michaelaview,1,2023-09-01
812,Keith,Sullivan,2000-11-17,pdunn@adkins-woods.biz,355-967-7522,East Jacob,1,2023-09-01
813,Lisa,Castillo,2003-07-04,qabbott@gmail.com,162-039-9498x532,West Michelleborough,3,2023-09-01
814,David,Ramos,2001-07-02,douglashayes@gmail.com,716.469.7603,Lisashire,1,2023-09-01
815,Karla,Smith,2004-12-20,browneric@hotmail.com,047-503-4986x7142,Lake Crystal,1,2023-09-01
816,Richard,Roberts,2004-04-19,margaret23@gmail.com,114-736-5714,Elizabethfort,4,2023-09-01
817,Tracy,Snyder,2004-08-10,amber46@ryan-brown.com,+1-096-451-5103,Lisaport,4,2023-09-01
818,Sharon,Walker,2000-04-23,anthony57@gardner.com,001-814-978-9612x0938,West Jonathonside,4,2023-09-01
819,Jason,Moreno,2005-08-28,karen75@simon-gordon.com,3785954733,Kellyview,1,2023-09-01
820,Patrick,Tran,2002-03-12,oanderson@yahoo.com,503.013.9509x24927,South Aaronborough,1,2023-09-01
821,Benjamin,Hoffman,2001-03-16,fdiaz@hotmail.com,001-271-198-6068x8483,Dyerchester,3,2023-09-01
822,Anthony,Garcia,2005-07-02,pcaldwell@hotmail.com,001-811-347-3203x7040,Brownview,4,2023-09-01
823,Matthew,Clark,2005-03-16,michael41@hotmail.com,786-955-1996x54483,Floydshire,1,2023-09-01
824,David,Zimmerman,2004-08-24,moorealec@gmail.com,(316)735-8759,Port Kim,1,2023-09-01
825,Jasmine,Reed,2004-03-06,ryan51@garcia.com,515-588-2165x4570,Andersonport,3,2023-09-01
826,Alexander,Nelson,2000-01-30,monroetonya@yahoo.com,259-963-2286x035,Taylorfort,4,2023-09-01
827,John,Burgess,2006-12-03,millerchristian@mendez.info,947.430.6961,Kevinhaven,1,2023-09-01
828,Diane,Stanton,1999-06-09,rebecca87@hotmail.com,577-376-7604,East Stephanieville,3,2023-09-01
829,Paul,Hardy,1999-06-24,tmccarthy@kramer.net,+1-714-093-7323x126,East Deborahfurt,4,2023-09-01
830,Melissa,Harding,2005-04-01,alexandra12@hotmail.com,341.863.8044x21190,Port Jameston,5,2023-09-01
831,Jill,Brown,2005-07-11,jeremy07@gmail.com,381.914.5290,South Sarah,4,2023-09-01
832,Joseph,Armstrong,1998-12-22,rbeard@hotmail.com,3691300110,Pamchester,5,2023-09-01
833,Gregory,Marks,2006-03-10,burnsglen@ewing-stevens.org,(267)404-1043x122,Parkermouth,3,2023-09-01
834,Victoria,Jones,2002-11-28,staylor@thomas.com,(693)114-9467x83973,Munozburgh,4,2023-09-01
835,Daniel,Martin,2003-04-07,brianwest@hotmail.com,108.387.3520x9901,Calebmouth,1,2023-09-01
836,Michelle,Hall,2000-07-31,travissmith@brooks-boyer.com,001-508-736-0792x232,Scottmouth,4,2023-09-01
837,Kimberly,Cameron,2004-12-24,melissa47@scott.com,001-274-066-8168x767,Debrashire,1,2023-09-01
838,Matthew,Walker,2004-10-26,patriciamartin@gmail.com,525-059-4049,Calderonberg,2,2023-09-01
839,Nicole,Dudley,2004-05-09,sydneychaney@hotmail.com,443.809.7503x238,North Stevenside,3,2023-09-01
840,Ashley,Lin,2000-01-22,christopherluna@yahoo.com,604-586-2451x65468,Williamsonside,5,2023-09-01
841,Jessica,Odom,2006-06-22,fnguyen@yahoo.com,(429)213-8893x0492,Youngton,2,2023-09-01
842,Mary,Williams,2003-05-26,carrillojennifer@yahoo.com,+1-979-311-0176x761,East John,3,2023-09-01
843,Gabriel,Peters,2000-03-29,markward@woods.com,001-837-659-3004x1813,Wardmouth,5,2023-09-01
844,Jessica,Rhodes,2000-11-27,steven44@yahoo.com,(181)213-7157x15072,Lake Tiffany,3,2023-09-01
845,Mark,Doyle,2004-12-31,menglish@hotmail.com,+1-388-064-9299,Robertoland,1,2023-09-01
846,David,Gutierrez,2005-04-02,yholloway@gmail.com,388.406.2520x2754,West Eric,1,2023-09-01
847,Julie,Miller,2002-01-31,trandaniel@hotmail.com,664.844.9541x798,Andersonstad,3,2023-09-01
848,Ryan,Fowler,2001-08-28,kristen04@yahoo.com,(470)199-1411,Abigailmouth,2,2023-09-01
849,Spencer,Fleming,2005-09-02,fburns@yahoo.com,267.950.9354x622,West Joseph,3,2023-09-01
850,Laurie,Miller,1999-07-31,davidgarcia@rivera-garcia.com,001-560-307-9256x941,Mariofurt,2,2023-09-01
851,Becky,Bender,2006-10-02,taracolon@hotmail.com,270-159-9737,North Shelby,5,2023-09-01
852,Mark,Long,2002-06-28,cabreraleonard@wright-nguyen.biz,934-500-4760x32651,Lake Jennifershire,5,2023-09-01
853,Victoria,Garcia,2000-01-22,ramirezwayne@gmail.com,+1-404-338-7764x74127,Dunlapland,1,2023-09-01
854,Zachary,Willis,1999-08-01,carol52@walls-greene.net,+1-683-379-3764,Amyview,5,2023-09-01
855,Joseph,Kennedy,2000-01-08,jonathanterry@sanchez.biz,(402)969-3153,Lake Anthonyview,4,2023-09-01
856,Melissa,Blackburn,2004-05-09,hermandouglas@hotmail.com,001-471-422-3941x966,Solomonton,1,2023-09-01
857,Douglas,Carson,2000-05-28,jackiecollins@yahoo.com,594-883-6496,East Kimberlyhaven,5,2023-09-01
858,Jason,Hopkins,2005-05-10,ypittman@mccullough-horn.com,(438)751-2227,Port Daniellebury,3,2023-09-01
859,Tanya,Rodriguez,2002-11-07,smithmicheal@hotmail.com,(394)844-0638x8836,West Jenniferburgh,4,2023-09-01
860,Daniel,Clark,2002-04-25,thomas47@norris.com,+1-087-768-7734x1032,Jessicaland,5,2023-09-01
861,Shane,Garcia,2001-12-28,brittany45@copeland.com,2368292510,South Michael,5,2023-09-01
862,Eric,Sullivan,2002-03-26,mcclurejasmine@herrera.com,437.118.9183x47676,Port Jennifermouth,5,2023-09-01
863,Craig,Velasquez,2001-09-01,aprilalexander@yahoo.com,(830)956-5043x867,Allenmouth,3,2023-09-01
864,Allen,Bradshaw,1999-07-30,perezjason@stevens.com,0047024849,Port Ariana,1,2023-09-01
865,Robert,Gibson,2004-12-09,psmith@hotmail.com,838.531.8703,South Kathyview,3,2023-09-01
866,Jessica,Ruiz,2006-11-19,deantyler@hotmail.com,(307)776-2863,Millertown,4,2023-09-01
867,Diana,Schultz,2005-01-02,kevin39@hotmail.com,+1-229-537-8259,Port Stephen,2,2023-09-01
868,Brittany,Martinez,2001-03-03,davidbruce@sanders.biz,(743)237-8111x588,North Yolandaview,3,2023-09-01
869,Courtney,Becker,2001-06-18,vsingh@gmail.com,494-010-8007x64089,Williamsmouth,4,2023-09-01
870,Kevin,Nguyen,2004-10-12,curtis31@gmail.com,238.208.7883x0703,Morganberg,4,2023-09-01
871,Kayla,Everett,2006-04-03,breanna60@yahoo.com,(750)172-0699x97843,Adamsfurt,1,2023-09-01
872,Joshua,Hill,2005-06-09,laura41@gmail.com,(388)996-0706,Lake Sergioborough,4,2023-09-01
873,Nicholas,Clark,2004-06-21,wardmelanie@torres-barrett.net,512.161.2624x7693,Meredithland,5,2023-09-01
874,Jennifer,Garrett,2001-03-31,guerreroalexander@nguyen-perry.com,+1-298-842-9194,New Maryview,4,2023-09-01
875,Karen,Cole,2001-01-13,pinedamichelle@wiley.com,227-283-5031,Joshuaview,3,2023-09-01
876,Mark,Hayes,2002-03-11,patty25@yahoo.com,986.875.6623,Patrickfurt,2,2023-09-01
877,Mikayla,Cantu,2003-03-24,virginia60@hotmail.com,(031)305-6354x333,East Danielleton,3,2023-09-01
878,Lisa,Baxter,2005-02-20,thomasdominguez@hotmail.com,001-365-808-4447x369,Dorseyton,1,2023-09-01
879,Jennifer,Roberson,2004-07-02,mevans@jones-coleman.com,001-538-570-9351x803,Gloriaview,4,2023-09-01
880,Kevin,Martinez,1999-05-18,matthew93@thomas.biz,+1-643-446-8548x853,North Jenniferborough,2,2023-09-01
881,Sue,Lee,1999-10-25,nicholsbianca@walker-mccarty.com,433.577.7448,Jimmystad,2,2023-09-01
882,James,Shaw,2006-04-07,vcase@yahoo.com,013.589.5662x22243,Port Tricia,2,2023-09-01
883,Melissa,Bender,2000-04-25,mcfarlandcarolyn@hotmail.com,218-027-5020,Lake Brian,1,2023-09-01
884,Matthew,Lucas,2002-09-08,ginaesparza@hotmail.com,229.344.3207,South Elizabethstad,4,2023-09-01
885,Michael,Garcia,2002-12-06,dana88@yahoo.com,902.300.6318,Garciachester,2,2023-09-01
886,Michael,Ramos,1999-12-24,normanelizabeth@yahoo.com,619.234.2475,Seanborough,4,2023-09-01
887,John,Schwartz,2005-07-23,ryan29@meyer.net,+1-962-038-8230x60462,Port Eric,5,2023-09-01
888,Joshua,Carter,2000-03-03,gilesandrea@hotmail.com,(773)799-5878,Woodsmouth,4,2023-09-01
889,Amanda,Hopkins,2003-02-01,hayneselizabeth@andrews.com,486.574.6047x549,West Christopher,1,2023-09-01
890,Timothy,Parks,1999-02-14,fsalazar@yahoo.com,(889)353-5371,New Katelyn,2,2023-09-01
891,John,Lutz,2001-07-26,wilsonemily@smith-luna.com,+1-506-192-5499x63417,Sylviafurt,3,2023-09-01
892,David,Reynolds,2006-10-07,victorlane@green.org,1730325920,East Carla,1,2023-09-01
893,Jill,Collins,2005-10-15,wgonzalez@lee-smith.info,+1-267-686-8815,Lake Jessica,3,2023-09-01
894,Andrew,Garcia,2006-12-16,aarongarcia@torres.biz,302-578-9852x6620,Mccarthyborough,1,2023-09-01
895,Ellen,Ferguson,2002-01-24,bgay@gmail.com,951-363-5830,Cannonport,2,2023-09-01
896,Patrick,Warner,1999-04-30,jason29@carroll.biz,619-885-1794,Rayside,5,2023-09-01
897,Donna,Marshall,2004-03-18,lynndaniel@booth.com,(354)003-6771x7813,East Josephberg,5,2023-09-01
898,Roberto,West,2001-01-05,maria76@gmail.com,(185)777-4021x74619,Port Sandrahaven,3,2023-09-01
899,Dean,Wagner,1999-03-29,susancook@sullivan-burnett.net,(562)582-0487x61554,West Charles,1,2023-09-01
900,Jill,Mccarthy,2006-05-06,dennis30@hotmail.com,759-489-2289x50460,Jordanland,2,2023-09-01
901,Robert,Bryant,2005-11-22,brockwilliam@flores-prince.com,974.361.3257x167,West Kennethville,2,2023-09-01
902,Scott,White,2002-08-23,jasonwarren@carlson.com,1791026400,Yeseniachester,3,2023-09-01
903,Patricia,Wells,2001-02-21,thompsonmakayla@hotmail.com,001-949-445-6481,South Sophia,3,2023-09-01
904,Katherine,Stevens,2002-12-06,lcalderon@hotmail.com,(840)505-8411,Lake Emily,2,2023-09-01
905,Kristopher,Lawson,2002-01-19,jason98@owens-figueroa.com,001-486-947-4095x2149,North Stephanieshire,4,2023-09-01
906,Karina,Edwards,2000-09-06,heatherlin@winters.com,(493)564-0776,Jasonside,3,2023-09-01
907,Kevin,Johnson,1999-01-11,ericmercado@yahoo.com,714-437-8905,North Anthony,4,2023-09-01
908,Jennifer,Richardson,2005-01-31,larnold@gmail.com,407-931-7935x91689,South Edward,2,2023-09-01
909,Paige,Mendoza,2001-08-25,mary28@marshall.com,(196)737-4099x203,Hernandezland,2,2023-09-01
910,Sheri,Brady,2002-04-16,taramcbride@villarreal.biz,586.018.6666x80264,Brendaberg,4,2023-09-01
911,Edgar,Hess,2002-11-03,kelleyantonio@yahoo.com,033.634.1352x44064,Brianland,5,2023-09-01
912,Steven,Patrick,2000-08-05,wilsonantonio@yahoo.com,(315)643-6847x41634,Hopkinsborough,2,2023-09-01
913,Kenneth,Bennett,2001-07-21,tdavis@mercado-wilcox.net,+1-805-798-8962x8464,Frankfurt,5,2023-09-01
914,Alex,Gross,2006-02-27,catherinenewman@hotmail.com,(732)437-1175x7533,Barronborough,3,2023-09-01
915,Michael,Gonzalez,1999-07-08,elewis@hays.com,001-115-218-1410x562,South Jennifer,1,2023-09-01
916,Keith,Cox,2003-03-10,shelly23@hotmail.com,+1-526-393-9384x09834,Port Alicia,3,2023-09-01
917,Jennifer,Williamson,2005-02-25,lance88@benson-lewis.biz,9352428243,Hawkinsfurt,5,2023-09-01
918,David,Miller,2004-05-05,mthomas@torres-hutchinson.org,405.810.2243x040,Ericmouth,3,2023-09-01
919,Emma,Frey,2005-07-07,kochjennifer@hotmail.com,+1-615-686-3542x730,Copelandfurt,5,2023-09-01
920,Dominique,Bautista,2000-08-08,john24@yahoo.com,+1-857-915-2669x73685,Jaimebury,3,2023-09-01
921,Mackenzie,Clark,2003-11-03,johnthomas@yahoo.com,(217)526-3322x8377,South Ronnie,4,2023-09-01
922,Eric,White,2003-10-04,shirleyreed@vaughn.org,(292)311-6873x9056,Julieberg,1,2023-09-01
923,Pamela,Harrison,2006-11-08,frosttyler@gmail.com,0996236271,Damonbury,1,2023-09-01
924,Daniel,Gutierrez,2001-09-09,michaelwebb@hotmail.com,(555)537-6337,Shelleyburgh,1,2023-09-01
925,Chad,Reynolds,2000-01-07,nathan72@gmail.com,609-469-7034,Alvarezside,1,2023-09-01
926,Bryce,Pierce,1999-11-30,joeoconnell@hotmail.com,(435)358-9156x813,Lake Stevenburgh,4,2023-09-01
927,Amanda,Davila,2004-03-12,jimmyreyes@thomas.com,+1-610-393-3838x200,North Jake,3,2023-09-01
928,Jonathan,Douglas,2006-06-04,hsullivan@lucas-fletcher.com,001-261-765-3133x7438,Howeshire,4,2023-09-01
929,Diane,Hart,2000-09-02,joshua98@hotmail.com,130.025.3602x3780,Carrilloview,1,2023-09-01
930,Keith,Gonzalez,2003-11-26,katiesims@martin-howard.com,+1-652-362-7262x0806,Brownfort,2,2023-09-01
931,Stephanie,Mccullough,2001-05-07,dstark@graham-patterson.com,704-384-6684,Saramouth,5,2023-09-01
932,James,Wright,2003-01-11,allison90@rivera.com,131-692-3302x162,New Tonyaburgh,1,2023-09-01
933,Erica,Hall,2005-06-17,rogersmason@lopez.com,176.637.6139,New Joehaven,4,2023-09-01
934,John,Bernard,2000-06-05,mariaward@gmail.com,001-259-849-7036x7559,Michaelhaven,5,2023-09-01
935,Robert,Mathews,1999-08-02,larryhernandez@macias.com,1459180637,New Stephanie,5,2023-09-01
936,Ronald,Perkins,2002-12-18,williamsteele@yahoo.com,+1-403-938-4183x7454,Jeffreyborough,3,2023-09-01
937,Kathleen,Anderson,2005-09-05,limark@bradley-peters.biz,861.226.8509,Dylanberg,4,2023-09-01
938,Tracy,Craig,2000-07-05,millervalerie@turner.com,015-984-7267x74769,New Christina,2,2023-09-01
939,Kiara,Kelly,2000-02-23,ryan66@yahoo.com,118-421-3590x54645,Webbmouth,3,2023-09-01
940,Samantha,White,2002-07-21,qwarner@gmail.com,5606175803,South Matthewmouth,4,2023-09-01
941,Traci,Vasquez,2000-03-06,xwilliams@hotmail.com,564.290.6822,West Joseph,3,2023-09-01
942,Michelle,Foster,2004-09-22,douglasbilly@gmail.com,893.846.5805x222,Kochview,2,2023-09-01
943,Steven,Meyer,2000-02-18,christopher95@yahoo.com,582-363-6005x4530,West Michaelview,4,2023-09-01
944,Walter,Sims,2004-02-11,coopercarlos@gmail.com,+1-024-749-4532x102,Melissaport,5,2023-09-01
945,Nathan,Henderson,2001-04-11,trobbins@yahoo.com,(366)338-4384,Bradfordfort,1,2023-09-01
946,Ellen,Lee,1999-10-11,allisonjamie@austin.com,526.201.9629x0832,South Lindahaven,4,2023-09-01
947,Mary,Robles,2001-12-10,kevin80@hotmail.com,+1-483-698-0602x158,East Elijahside,2,2023-09-01
948,Marcus,Ferguson,2003-06-05,smithalbert@yahoo.com,513.402.2932,North Paulland,4,2023-09-01
949,Samuel,Blackburn,2004-07-12,julie45@hotmail.com,+1-322-801-4201,Stephanieberg,3,2023-09-01
950,Susan,Abbott,2004-01-13,kenneth61@boyd-hernandez.com,537.958.6712,Brewerland,2,2023-09-01
951,Walter,Mason,2002-04-13,mitchellcaleb@gmail.com,+1-680-342-6993x865,Port Yvonne,2,2023-09-01
952,Troy,Pacheco,2005-03-23,kmatthews@gmail.com,922.025.3727x62650,Port Jeffrey,3,2023-09-01
953,Stephanie,Williams,2006-05-20,mcarroll@hotmail.com,001-506-522-6047x036,South Brookemouth,1,2023-09-01
954,Brianna,Velasquez,1999-11-08,toddchen@hotmail.com,+1-343-365-3440,Johnsfort,3,2023-09-01
955,Lisa,Hunt,2002-10-27,collierchristopher@hotmail.com,266.181.5183x77854,Stephenstown,3,2023-09-01
956,Michael,Peters,2004-04-16,thompsonmichael@gmail.com,839-089-8971x95060,Port Gail,1,2023-09-01
957,Dustin,Joseph,2000-04-03,steven10@decker.com,(514)860-2407x074,Stewarttown,1,2023-09-01
958,Joseph,Sexton,2001-05-20,hendersonnicole@arnold-lee.org,+1-135-156-5692x65931,Thorntonstad,5,2023-09-01
959,Seth,Jones,2001-09-11,myerscaroline@hotmail.com,(608)793-1512x9078,East Robertfurt,4,2023-09-01
960,Kelly,Chan,2001-12-22,bvalencia@gmail.com,581-973-7596x5339,New Anthonystad,3,2023-09-01
961,Christina,Martin,1998-12-27,ashley24@gmail.com,300-851-1055x9212,Port Danielbury,5,2023-09-01
962,Robert,Clark,2000-07-31,joan44@hotmail.com,001-612-866-6061x82931,Smithmouth,3,2023-09-01
963,Mitchell,Pineda,1999-06-18,keith37@hotmail.com,3051479132,South Stephenshire,4,2023-09-01
964,Joseph,Rivera,2005-06-01,erin63@gmail.com,676.556.2083x109,Martintown,5,2023-09-01
965,Andrew,Castillo,1999-12-13,hjohns@gmail.com,001-901-120-6974x27595,Copelandshire,3,2023-09-01
966,Deborah,Crawford,2005-12-17,hannah51@berry-neal.com,888-568-0981x39949,East Paul,1,2023-09-01
967,Melissa,Owens,2005-09-05,shannon33@yahoo.com,001-782-931-4652x4262,West Patriciaport,5,2023-09-01
968,Alyssa,Hill,2005-02-24,robertsmith@hotmail.com,050.975.6527x456,East Madisonshire,1,2023-09-01
969,Joseph,Garcia,2000-07-12,misty78@griffith.com,(081)046-0896x0025,Jasonberg,3,2023-09-01
970,Molly,Gutierrez,2003-02-24,joshuakim@ayers-parks.info,+1-896-924-9094,Toddmouth,1,2023-09-01
971,Brandon,Lopez,2004-03-18,jessicaking@watson.com,001-912-670-8663x96460,Joshuashire,3,2023-09-01
972,Jennifer,Morgan,2006-12-12,jessicadavis@jackson-kim.com,498.726.2231x13666,Jensenport,4,2023-09-01
973,Michael,Wells,1999-10-27,adrianspencer@holloway.info,001-663-474-2401,Robinmouth,5,2023-09-01
974,Jacob,Harris,2002-02-07,savagesteven@hotmail.com,894.939.9776,Austinberg,3,2023-09-01
975,Kirk,Lane,1999-11-18,michellegarcia@yahoo.com,(500)794-6635x208,Robertfurt,1,2023-09-01
976,Kyle,Gomez,1999-06-21,walterrobinson@gmail.com,+1-525-260-3462x37978,Cassandrabury,3,2023-09-01
977,Scott,Mitchell,1998-12-23,brandi42@taylor.com,001-112-509-2305x6642,Andreastad,3,2023-09-01
978,Tammy,Munoz,2003-12-12,schwartzpamela@gmail.com,+1-654-202-8734x2740,South Thomashaven,1,2023-09-01
979,Nicholas,Jones,2005-05-29,richard43@guzman.biz,+1-582-215-5793x74140,East Elizabethland,3,2023-09-01
980,Justin,Spencer,2003-10-29,powerskeith@hotmail.com,001-300-182-9649x42674,Harrisfort,2,2023-09-01
981,Robert,Ashley,2000-04-14,brittanymartin@hotmail.com,+1-137-301-6323,East James,2,2023-09-01
982,Brittany,Brown,2006-01-12,ylogan@oconnell.com,(561)759-1436x472,West Destiny,4,2023-09-01
983,Jennifer,Davis,2003-08-18,cbrown@gmail.com,763-778-8983,East Christopher,3,2023-09-01
984,Roger,James,2002-01-18,hannahrose@morgan.com,+1-227-548-1980x78442,Myersville,5,2023-09-01
985,Kristen,Silva,2004-03-28,jyoung@gmail.com,765-078-3571,Lake Angela,5,2023-09-01
986,Erin,Calhoun,2001-10-09,ruizkenneth@yahoo.com,(281)187-1548x44617,Lake Robertchester,1,2023-09-01
987,Steven,Carter,2002-11-26,cannongary@castaneda.com,+1-795-741-0820x9708,New Samuelmouth,3,2023-09-01
988,Kevin,Sexton,2002-07-03,terrymark@norton.com,439-778-3931x2627,Andrewton,3,2023-09-01
989,Richard,Mcfarland,2004-09-04,timothybell@watson.net,(680)600-9471x040,North Anthonyburgh,4,2023-09-01
990,Christopher,Stephens,1999-04-04,brittney51@melton.info,001-459-423-5591x39822,Darrenfort,1,2023-09-01
991,Jennifer,Medina,2002-11-23,gabrielwallace@gmail.com,001-860-790-1609x23202,Zavalaview,2,2023-09-01
992,David,Boyd,2002-12-23,susanwright@gmail.com,971-917-6481,Derrickbury,3,2023-09-01
993,Carolyn,Estes,2003-10-03,juliebarry@gmail.com,231-224-9121,Lake Alejandra,5,2023-09-01
994,Tony,Davis,2001-06-28,istewart@gmail.com,506.835.9688,New Gregorymouth,1,2023-09-01
995,Joanna,Rogers,2005-03-04,ngomez@hotmail.com,985.154.7656,Odomborough,4,2023-09-01
996,Joseph,Jones,2004-09-15,cmckee@gmail.com,(379)900-0733,South Toddville,2,2023-09-01
997,Robert,Buck,2005-03-10,hwashington@gmail.com,(691)273-0487x46173,West Briannaport,3,2023-09-01
998,Cathy,Porter,1999-10-25,hebertkelly@hotmail.com,+1-413-425-3540x549,North Melissa,3,2023-09-01
999,Logan,James,2006-12-14,swilliams@hotmail.com,421-600-3850x256,West Amyborough,3,2023-09-01
1000,Brittany,Stout,2003-07-29,fgross@yahoo.com,572.018.1318,South Stevenview,5,2023-09-01
